X1	X2	y
-0.8009478047168227	0.5261299212045473	0
0.18604766141066453	0.41363856729526444	1
0.29446997213199855	0.3151420945402355	1
-0.12845859355470685	-0.9299370132946131	0
0.20282353411907952	-0.4884721163887752	1
0.13765309806009923	0.5256016255745609	1
-0.5073374847512977	-0.1425678200235601	1
-0.15085304615208797	0.39809406161652877	1
0.3247416800845725	-0.39649793668024347	1
0.999513984928937	0.13574136012603194	0
-0.046131321991159095	0.49845579353742364	1
-0.4648029680051282	-0.10852695708992015	1
-0.055605803653356614	0.9141807853350102	0
0.35857708357421286	0.8461069830621645	0
-0.1759538753718366	-0.9271203924543912	0
0.43342189963888056	-0.36685537325683093	1
-1.006480291864094	0.31673965927708025	0
0.4484536692818918	-0.1824433325305976	1
-0.4451994469181657	-0.19571316936612176	1
0.11542147042494369	0.43214189427339544	1
0.3509525172551597	-0.332466380246335	1
0.08770188682004185	0.5008902056704853	1
0.25028563190266967	-0.9668454379727985	0
-0.513626388025237	-0.3224365766991139	1
0.5494467632411217	0.2651459950834929	1
-0.26749435462223264	0.38726610277962514	1
-0.970417476954998	0.17135984447303282	0
0.23267549567717122	0.39892731699900075	1
-0.9028805946962359	-0.11679005871760327	0
0.41975582104662534	-0.2285043408479232	1
-0.005842614768357696	0.5310115391578153	1
0.47112220547696454	0.3364234208346078	1
0.458815415869329	-0.11433951998425174	1
0.04224666132849484	-0.589740770975421	1
0.6187465656496659	0.2844012226484294	1
-0.9067338901512603	0.46543283714321004	0
0.5733056952973192	0.06788518495830248	1
0.6006967239108091	0.8968706076101013	0
-1.0592911045730415	0.02037862326705251	0
1.0547910642343665	-0.003761890449198533	0
1.0410723887678348	0.1608793638335108	0
-0.24713024296799788	0.3241498558717699	1
-0.034230012733243706	0.5016302188601223	1
1.0437742235708531	0.13848185626740162	0
-0.36784903088561555	-0.3631329468958443	1
-0.9798518266115169	-0.1144044892293406	0
-0.5579799222802018	0.7752794530380448	0
-0.33147398852724536	0.8937731083881668	0
0.21547050380024227	-0.5545612082513204	1
0.37652577984383795	0.3589531707026669	1
-0.4866751683927585	-0.15956560178249232	1
-0.15929244147117727	0.4310451459535897	1
0.8861372918428353	0.36773165077751835	0
-0.866914879488076	-0.4443756532492556	0
-0.16685702878791028	1.0673189806605337	0
0.9210649069707951	-0.3792092432676393	0
-0.8887780999790469	0.06343361367874212	0
0.08478585960672844	-0.4016939112721326	1
0.5509558081999905	0.11270819720655431	1
-0.41940788445906835	-0.1526974890399973	1
0.6442901923862057	-0.8148624898582985	0
-0.48083868649460887	-0.05935762489478051	1
0.4008029881165348	0.24442464379639822	1
-0.293736306093409	0.35880128908428033	1
1.0660269574304548	0.28649713859296644	0
0.298207032567865	-0.9472315404104058	0
0.8326503325629704	-0.43319913183718134	0
0.20799447572646332	0.49025699218475366	1
-1.0173181997757146	-0.05899190653325718	0
-0.7164712552880652	0.7871256509163902	0
-0.14757727823438416	1.049971419718685	0
0.7908582106915557	-0.7049433236686207	0
0.23791132818875246	-0.3629366951651054	1
-0.15592591723850846	-0.5089577981647524	1
-0.4146339983734344	0.9293258411875281	0
-0.37184306520563554	-0.36863258058384596	1
0.5405990461689693	0.785493285964943	0
0.36059339764015325	0.7923420501365507	0
0.12961924449814394	-0.4599281857200193	1
-0.5683306220150864	-0.07600565496033497	1
0.9570847593963169	-0.47845752855722445	0
0.8601598026282611	0.6597753392456819	0
-0.73831745154178	0.6617057170855476	0
0.2660077601966203	0.48320168545259845	1
-0.1877166266545412	-0.46839203409130903	1
-0.030210010267301107	1.0309382833757816	0
-0.12812740075286058	-0.52683023529826	1
-0.04762230920416413	0.9735458458858778	0
-0.8901864143756298	0.0580014198829107	0
-0.336621136509544	0.991228885870443	0
0.9648950397738998	0.3181715622226563	0
0.4523913705686951	0.06514500010306314	1
0.6602507694802225	0.8303126983167702	0
-0.5138554825156734	0.28241243677522804	1
-0.5249480134240854	-0.33583797555902506	1
0.5576235638955023	0.010408856733382004	1
0.4153506056143755	-0.2872933591727706	1
1.0155546704006815	0.4887791264310418	0
0.336017219098049	-0.37792209348962674	1
-0.06176271908687372	1.0285392767746608	0
0.5395992561200459	-0.08829552359178162	1
-0.08950391045723678	0.3903266907997914	1
-1.0184499973047663	-0.2202322292369219	0
-0.4290211999675034	-0.05466051023099768	1
0.9526569703494507	0.15459905195148133	0
0.6273488499221896	-0.5388262592077571	0
0.3092031650030652	0.3354186647212798	1
-0.3629764482948855	-0.4196763911118733	1
-0.102305513404134	0.6147512890901324	1
0.7506322412025477	-0.6720983564219973	0
-0.8492010494150094	0.7912018694279148	0
0.12752195126495575	-0.33707404090634585	1
0.8626727576913825	-0.059688856228787085	0
0.5440039682156455	0.17472706076534605	1
-0.45733599708026396	-0.09757191881866852	1
-0.6467326520513974	-0.8885140415150923	0
0.3620825726290307	-0.2028914728850778	1
0.8801243751812909	0.43129301607932874	0
-0.31595312506781315	-0.8969610787711725	0
0.953073786527037	-0.015553556659018822	0
0.6736483574978689	-0.7987480089228336	0
1.0052417643924794	0.1322681210275976	0
0.4636750449867318	0.1973565326845512	1
0.5401508556959204	0.7905192389161599	0
-0.3079971678305502	-0.3275873511224299	1
0.39769286620631167	0.3371759493551108	1
0.9811867610170962	-0.3540119343319166	0
-0.4618407986542295	0.3035149161276804	1
0.17560037504012252	-0.9959550934522841	0
0.17236108192168287	0.3631627652594702	1
0.41866477836894067	-0.9247495994660194	0
0.6436772411085419	0.7705759046461913	0
0.09895297891507307	0.9623477422450473	0
0.20278578124368637	0.9550339791601903	0
0.3363044853905497	-0.2836192072022682	1
-1.0247325217644179	0.18684475079830518	0
0.992278749277138	-0.15943339092556152	0
0.01816730526473643	0.45590106854573964	1
0.03950126798037874	-1.001622408588537	0
-0.06056085727179253	0.9867164974145948	0
-0.2568226631272291	-0.37241879986463894	1
0.2622651984320139	-0.9603008509229285	0
-0.4300400341694804	0.10505009669013748	1
-0.8931108216612402	-0.4290809912940045	0
0.8239844826714475	0.4596717162927144	0
-0.7554277907086896	-0.6561727672070842	0
-0.46699324809749887	0.9934648517968409	0
0.7094635269387026	0.6235832101375405	0
0.1433547033793271	-0.5265055782889082	1
0.3898753737400994	-0.3712936907905571	1
-0.907724416981125	0.2924431563568327	0
0.4543895606665598	-0.2646142651864564	1
-1.05013005838506	0.05821442840966934	0
-0.27155776726327285	-0.2595671750920855	1
1.0783033198536143	0.1760512277726576	0
-0.2551257319528631	-0.9973060619873747	0
-0.13493180846900601	0.9579340821223271	0
0.8238229558137455	-0.4962277986393849	0
-0.9006437446779872	-0.4668939466589289	0
-0.2794801378583736	0.4211665921890835	1
0.3517225219869895	-0.3036081977605896	1
0.21441818167214888	-0.40598207197846997	1
0.40857678271781955	0.3591469971178237	1
-0.22838970420736304	0.5272735500622696	1
0.404436306460827	-0.19987997163011612	1
0.7221072636059176	-0.5321955619143315	0
-0.3596509052105724	-0.37490126386933914	1
0.37625085534857255	-0.37935252221192783	1
0.33813051494251223	-0.8700959001090715	0
0.4674138625387155	0.30005239418797325	1
-1.0100550843574037	-0.13828288362081506	0
-0.4551961330264503	0.3278342478321496	1
0.736381158436901	0.6722159020851538	0
0.3948641222961765	0.9851668431992296	0
-0.9966568698592762	-0.1635471229262456	0
0.4783550898243575	-0.2882028955867821	1
-0.34524742817323395	-0.9455115026053512	0
-0.5745529909110154	0.8900697807689122	0
0.03328494070478538	-0.3697233369218417	1
0.28020247187065406	0.9196614596920598	0
-0.3783846705052484	0.2806408182205951	1
-0.3517324700361081	-0.0472023718750941	1
0.4720364961888233	-0.2312685900327833	1
0.08668501763433048	0.9510149126626936	0
-0.3914103344970357	-0.4469248183575817	1
-0.17880135465042318	0.3303017406523679	1
-0.3076277209231174	0.40884137754349037	1
0.7221315421209531	-0.7208069690963056	0
0.1974625715362333	0.9830372803537409	0
0.39271854155268154	-0.2747703843857316	1
-0.4297599604569448	0.2829056458917787	1
-0.48094423421145305	-0.9429570567257615	0
-0.8898184571240791	0.21605128495962397	0
-1.0190609555072268	-0.32047478626046244	0
0.7764929436114266	-0.5366903671544773	0
-0.2773660448392497	0.3072953848328986	1
0.5208407275329198	0.012553291292615558	1
-0.7370950813251238	0.6073639747994996	0
0.3259605698819367	0.4568894916143106	1
-0.36443855231398986	-0.26100881524108327	1
0.31712888364634706	0.10928444610159913	1
-0.4535954692173924	-0.800882265796804	0
-0.9086681075758868	0.4331599872406887	0
0.8996098386116633	-0.43713132796590176	0
-0.26782513747477354	0.3761616714787936	1
0.036515371292553396	-0.5504367624155789	1
-0.46763917444494835	-0.3827765155354912	1
-0.2566505974483315	-0.29931116437429967	1
-0.9942136949999109	0.26761260518914126	0
-0.31437287473390496	0.3439138016356134	1
-0.2689009240868658	1.0086839198602606	0
-0.039834746682824565	-0.9791285280808698	0
-0.31493506032310103	0.9134485805271588	0
0.20697698370896234	0.44397594784422734	1
0.18566958239565953	0.9628034348237111	0
-0.7432678684226522	0.7130726809780706	0
-0.38130523064881366	0.2872160750041566	1
-0.02659491698330858	0.9541256432945012	0
-0.34278473759542466	0.4454949013271408	1
-0.5051214632637836	-0.8345366040461525	0
-0.7354571038917008	0.6320346313015416	0
-0.11211768507118508	-0.9740761824258258	0
0.33144273907148086	-0.964640054810241	0
-1.016217119111168	-0.1588194315794379	0
-1.0497159612035456	-0.3122606057517524	0
-0.26616939628642117	-0.4467693220637427	1
0.4153862528769719	-0.1463490861066252	1
0.14931517684856932	-0.48474896802933815	1
-0.9466579324058891	0.21939280316632048	0
0.1980626551932307	-0.3990620207665389	1
-0.5613489018978086	-0.8117017343165854	0
1.0408097588347114	0.15065324644641348	0
0.1268915119215736	-0.3917312921785664	1
0.40880798084709746	-0.12561888543911787	1
-0.05385959451384078	-0.4749984406414138	1
0.3077786990680689	0.3933976552832625	1
0.3576438914262968	0.34579825801790726	1
-0.38694838121843106	-0.19915604782063412	1
-0.6987962205640152	-0.6169862018735423	0
-0.30727922442337713	0.5270651994398201	1
-1.0034576823217511	0.006718093419676718	0
-0.9192727516240329	-0.563213457945651	0
0.9049118470670809	0.044384114430716375	0
0.8875216167044017	-0.26196493277622807	0
-0.7874449953772154	-0.7069161808597314	0
-0.24867923379023957	0.44582724294380277	1
-0.860943872079554	0.2432324029965344	0
-0.6950777771035083	0.6578892932639205	0
0.8310659079884507	-0.7373060439889713	0
0.4297992013285748	0.947970855615961	0
0.4894054781244968	-0.03344658420367523	1
-0.13489933541141877	-0.4189956179673463	1
0.03669595257226409	-0.4970033997497737	1
-0.13373818886690078	-0.4340734330798609	1
-0.006089868548714881	-0.406822846500844	1
0.9238279013163141	0.3906440686158771	0
0.2967656350671867	-0.3618639727490018	1
-0.24240071263579008	-0.40735201478641136	1
-0.13379774908444875	0.5554593941039422	1
0.13508481341823136	0.9953363709008372	0
0.4143324185849855	0.28057023874998727	1
1.0471654501545788	0.03750374511478676	0
-1.0520140761158359	-0.12646627087002016	0
0.19750624477924655	0.322125285024958	1
-0.8879792719562395	0.039164955838125355	0
0.14491469510199498	0.5526364419369216	1
-0.04987090608343993	0.48090590723849846	1
0.5192690557104678	-0.08001069377430424	1
-0.33798154786942036	-0.4901407325218057	1
0.05098669363839677	-0.4593342954279617	1
-0.915198513734072	-0.2959693188444822	0
0.030463402614688797	-0.9661992764461801	0
0.4634942110819311	-0.8497957404612578	0
-0.7600308223455968	-0.5649031441054562	0
-0.9056539231913979	-0.2230399107987795	0
0.44431855923426566	0.100434481436982	1
-0.11423660421656445	-1.0316614340657013	0
0.1946797128094723	0.9766510996450097	0
-0.2817413269946743	-0.4976135079288059	1
0.39216803887411034	0.1532180937381352	1
-0.4237343476004798	0.01909854888580287	1
0.14238884336068794	0.3831558922384428	1
-0.44472435188393167	0.110694200835437	1
0.46972535516025365	0.7525332744279075	0
0.45913559363775586	-0.024434854723245247	1
-0.3661383385131922	-0.8282222339976444	0
0.20452661976385808	-0.9579202756361921	0
-0.4861939532824177	-0.9638187308060632	0
-0.3831493066467381	0.46375489445209395	1
0.9371761708667514	0.31192774502553416	0
0.6215448180981249	0.8239801533770419	0
-0.38770078701815447	-0.3082517679129642	1
-0.00945651591818935	0.48666409762255103	1
0.3236123484018392	0.9679683691344392	0
0.89203980001546	-0.4238117150588453	0
-0.943138277000325	-0.41460705468798853	0
0.9616916819553388	-0.1702318902194181	0
-0.1588816333535219	-0.9058961181842647	0
-0.5012336414438041	0.004309230366977342	1
0.3392202809054635	-0.8328933972461414	0
-0.5645466041392263	0.17145295805563507	1
0.4933190333069542	0.20616799597220964	1
-0.031148331392478038	0.4805200557890781	1
-0.5606508959469806	-0.839742622739769	0
0.10439693577598474	0.4187238334901454	1
0.4752481170580146	-0.34599626249260707	1
-0.6982201261705735	0.6429384637724314	0
0.2250097127750583	0.9970167911558075	0
-0.24081504877949558	-0.5858442114894825	1
-0.10226153011097416	-0.4524688139374781	1
0.9750832584194778	0.1933071597742358	0
0.4266325671302776	0.2576652657919188	1
0.8578116867243929	0.4637447649603923	0
0.3848174980910916	0.1413280993694777	1
-0.2907862763326754	-0.32864843949480893	1
0.9325638922288821	-0.113012731294777	0
0.4032218324764151	1.0017521289260682	0
-0.7992730131873841	0.6252064966079112	0
-0.48655199195485765	0.22205676260795904	1
-0.11035078837529491	-0.47557728173094255	1
-0.5675505937855045	-0.836142044197955	0
-0.42346634307262065	-0.021699669501308597	1
0.9032222485740724	0.1189336440586879	0
1.0635161300108469	0.38451017317462627	0
0.08498150899425957	-0.45440810887928224	1
-0.5311053788475683	-0.07723691677850529	1
0.8039015072222497	-0.5603111280127967	0
-0.5583681546351296	0.15364019015641864	1
-0.26314594446529993	0.34869552112570795	1
0.7779263575167537	0.6689186757238863	0
0.1052183843957047	0.4545553637661436	1
-0.12980149348945888	-0.45543999427766196	1
-0.2416863053402566	-0.42969187484840987	1
0.40939444669315134	0.15303553176893095	1
0.43709876167643513	-0.9297880701423071	0
-0.1812158240629786	0.9214809106096015	0
0.2817009266355222	-0.9272441277256259	0
0.6203076297063286	0.6596470670184358	0
-0.40064909643160856	0.01869658040294627	1
0.578263050784194	0.7990694621824121	0
0.45126011194924415	-0.29381682186547253	1
-0.3494780307059766	0.30423370840269415	1
-0.008025921709693642	-0.9131579449587959	0
0.49838920635660405	0.4597264134917657	1
0.28749950438843647	-0.8502875639680023	0
0.468262923019071	-0.25282878426920974	1
-0.05333580813452296	-0.49900652248860516	1
0.9338955135450713	0.06519784180894879	0
-0.4518374177774771	-0.11707493884155667	1
0.765216831847973	-0.7823221220935945	0
0.8157199491987183	0.22248874829747678	0
0.5072369890995961	-0.32561971854196264	1
-0.4561413791251323	0.27794729889335534	1
0.29865001570539057	-1.053616912654359	0
0.9886902673173179	-0.3394834443090464	0
0.16647891701314738	0.4651800315155975	1
-0.019986012787748836	0.4373872697992099	1
0.4751201204303487	-0.216307457032454	1
0.8921503839324	-0.0418520463382897	0
0.08691961872195497	-0.9193183749150405	0
-0.4242117195235118	0.1601776938466329	1
0.7094453756205343	0.7599065647493909	0
0.1004259575460147	0.43190023596388966	1
0.46357377364373026	0.21126816534902193	1
-0.9246201569353687	0.4329909767167667	0
-0.4290090754005966	0.09292698641824138	1
0.818721597286712	0.5008546213396904	0
-0.7219431788307168	0.8006745884184461	0
0.020670182242252574	0.4777265193916757	1
-0.5065408807541274	0.1865161094732532	1
-0.6058337221734491	0.9550319223829614	0
0.3747841149779324	-1.0381272231523442	0
-0.4587825547353251	0.9359429920656425	0
-0.30749398244953674	-0.9770747905816041	0
-0.3699019456945801	0.3617184042751071	1
-0.4380538521347999	-0.227112086619075	1
-0.9983711463810694	0.25896701416722323	0
-0.8419278677530795	0.4372556432333525	0
0.4885480083025184	0.38416126032735476	1
0.6945869009527571	0.65538287242439	0
0.6418913936287689	-0.6782797364350833	0
-0.9647968026998276	0.379562617730966	0
0.864284848382545	0.2803980980724483	0
0.22156867841413996	0.4287101118564248	1
0.6202701752305949	-0.8327575655095308	0
-0.19409055413833018	0.31091944792071996	1
-0.1188161157171791	0.45010193977512375	1
-1.0462800572100173	-0.03501182642248263	0
-0.2834835997918749	0.3550711825723411	1
-0.049086378958133406	-0.5870408319933695	1
-0.2957301400838427	0.9574168891884304	0
1.0389542460564738	0.326490473935398	0
0.3103445822795175	-0.45029076029461634	1
-0.2782658258162583	0.4008302483675712	1
-0.2794296167615754	0.3712080045383908	1
-0.6147561853728736	-0.7709892360620101	0
-0.649445198548989	0.6676704758128494	0
0.21368092159383095	-0.43566732338530284	1
-0.07233182332946533	-0.44010918430631074	1
-1.0045582336750607	-0.3868961868047414	0
-0.8864561950629354	-0.5717578288766394	0
0.5525034088516756	0.9430987914326765	0
0.23663359284274432	-0.47039696091277067	1
-0.38755413158014346	0.916449170413025	0
-0.25917577839236655	-0.9909141715995609	0
-0.8945365188266989	-0.17232817870556014	0
-1.0272822041392093	0.08762808311165687	0
-0.0507351462178033	0.9634827918512474	0
-0.5374569076655478	-0.03666343585867708	1
-0.40970917587567407	0.18686204957179303	1
0.40137220738428403	0.8895689320246136	0
0.2562869216468146	-0.4698011516571141	1
-0.7027610551919421	-0.6809170258365541	0
-0.5413279236477332	-0.04832133630297955	1
-0.8657512334745068	-0.513207035305619	0
-0.5938035731883189	0.7758040792303104	0
0.1571063651111294	0.5225762113336039	1
-0.4143128879701868	0.19838469868325745	1
-0.2955505781717109	0.48411115202628646	1
0.8843977804076084	-0.34607153035949917	0
-0.48017427397075185	-0.23961425525719005	1
-0.04272316563085876	1.0467770852313276	0
0.3670466894341333	0.2772213233502	1
-0.32444756131430996	0.9857187809254204	0
-0.4097149276411153	-0.2885254205384007	1
-0.8089584325254374	-0.5132583533752548	0
0.5537496145785173	-0.7896891851682167	0
-0.3582032460114324	-0.9414191895186076	0
-0.5019042348283419	-0.15497676782206624	1
-0.915466982638285	-0.3663848392264369	0
-0.44695102603526177	-0.23206458890918438	1
-0.16094786043466405	0.9745498309128042	0
0.2997354139991435	0.8493287740213445	0
-0.4855540935765072	0.08940632566048615	1
0.30023812289274693	0.45574305975963797	1
-0.8854313368645799	-0.35170416203211474	0
-0.3281927443145993	0.3681284565016854	1
-0.6540810793337376	-0.7738137246504061	0
-0.5074872538265901	-0.8631070854573007	0
-1.0164336738805806	-0.0896425023703071	0
0.15788500822990154	0.5892502238695753	1
0.33907360985055046	-0.3599891949863576	1
-0.3041084651770592	0.3049348232175541	1
-0.4965697124159779	-0.8479261444235204	0
1.040337611298563	0.10356112614821292	0
0.2569728018924218	0.906912585921896	0
1.0169278904004058	-0.3094191008523035	0
-0.785129329877917	0.6183785173191715	0
-0.8878719904712942	0.3814516937955469	0
0.09031613011937561	-0.9605256539669782	0
0.19416059917358458	1.1129882977635637	0
0.9240049491577008	-0.24136587886932437	0
-1.0223374014941293	0.23152719396766236	0
-0.6200263433744306	0.06515227876852983	1
0.23400009125146132	-0.4140531785106202	1
0.29032362714573184	0.34942598785807544	1
-0.3714939863315016	-0.1544527811932151	1
0.969790144542989	-0.0929190403371904	0
0.20473136580300955	-0.34201245481933396	1
0.3710021567885941	0.30316092123353167	1
-0.748993427390778	-0.5980523668294074	0
-0.47742809964625094	0.140296619384284	1
-0.9166967195509554	0.07650590916610331	0
-0.11180544807678859	1.0130288563965555	0
-0.25652645464493806	-0.9728394791473264	0
1.0275919132367843	0.2195197253408599	0
-0.46556226872535766	-0.3420703744621708	1
0.4449360364492037	-0.08743662214032881	1
0.4899200800736398	-0.07190150875196002	1
-1.0263504528476404	0.04658793357311421	0
-0.4614780332980238	0.11279358981719725	1
0.9231497160017013	-0.048527087928502376	0
-0.34493992026672476	0.21819116380273224	1
0.532898759682805	-0.9104139725373733	0
-0.48095260750350693	0.09028177050169794	1
-0.48834072063427625	0.8294581401325841	0
0.19407322982841707	-0.5041554631238186	1
-0.019969871929681735	-0.5975062691469788	1
-0.07234469102303748	0.4368234035553633	1
0.8222318774979376	-0.6043149200115571	0
0.4531214202606148	-0.053972879542248414	1
0.42946666337797024	0.37203378982268365	1
0.5203371577305286	-0.015463754697455562	1
-0.15417411961149774	-0.42000256993858154	1
-0.9811336741444786	0.03284279955326018	0
0.8902095106071116	0.5558802987873337	0
0.7902567280722458	-0.17333998791739236	0
0.004272599843179695	-0.9530689099743307	0
-0.4927450877867076	0.19900206368664303	1
-0.49095297091740875	0.06810275979433696	1
0.4339170111639309	0.9602294144812623	0
-0.3723844086661053	0.9205850437423186	0
1.0422257172917255	-0.056438463716616524	0
-0.7293242717714055	-0.6025835018244888	0
0.3341836789744017	0.47495291360165387	1
0.9030742982767599	-0.30155900722595286	0
-0.42333869892905457	-0.03197896462868116	1
-0.5033356083467235	0.26296102207366323	1
0.039796391874314524	0.48328156248123744	1
-0.46302885661551835	-0.14251122630308014	1
0.45163633648871665	0.21587277795480928	1
0.8209048638602224	-0.3417729804096193	0
-0.38464616966280674	-0.39580813181766317	1
-1.0366594645723621	-0.1285075381631856	0
0.7953421638161459	-0.598044670944967	0
0.12004092381826179	0.42676134812925043	1
0.35925969651105966	0.3951687080585117	1
1.1324578260646623	-0.2776646674420623	0
-0.7649703461062918	-0.6606849850773121	0
-0.4007371214872533	0.9257686185182371	0
-0.5202288778283459	-0.8046574689432808	0
0.44893603093055245	0.24340271820719306	1
0.565445152113077	0.8818830933835703	0
-0.8208864965662336	0.5218086615608414	0
0.18681471720874593	-0.4465277470407425	1
-1.0010302880735302	-0.08255818598571121	0
0.8493629219642177	-0.6232308936515956	0
-0.10578525674586683	0.9996008725770705	0
0.886337917568629	-0.38258142243173676	0
-0.11101936125613293	0.4005273519738075	1
0.4468426416366841	-0.007526041934518682	1
0.5468154904201864	-0.3517689654257436	1
-0.05989428608955748	0.4618617750444139	1
0.4604360647131755	0.18598729830013422	1
0.4161576325209539	-0.4522284333472332	1
0.19377958894280134	-0.5281874797897128	1
-0.42947526490443627	0.27954738316648325	1
0.6890887688025916	-0.7022038250287982	0
0.3528659845707397	0.32915008038782245	1
0.3717400499191244	-0.3111521923016216	1
-0.6782020225608852	0.6980504317332636	0
-0.8292806137921337	-0.6354943964464641	0
-0.3831656715045376	-0.033384595948120974	1
0.5634492597993834	0.72873676584816	0
0.18649116651871153	0.8693233428407552	0
0.3434877611397174	0.43980918067122277	1
-1.0247439676924648	0.19912237209316375	0
-0.1599282441350634	-0.43194597608391533	1
0.486241187173995	-0.15053120213044263	1
-0.3571677809622421	-0.9335558109524266	0
-0.36846633070530643	0.9416808215158101	0
-0.4394678903467349	0.2834737058241852	1
0.4053322815472431	0.1927548071675463	1
-0.20251414723857358	0.33926436179622066	1
-0.7501498720705663	0.6445901766037049	0
0.08320541622645938	-0.9370580107624509	0
0.4559231693421704	0.09236463804558123	1
-0.8742655525118341	0.5462295607900037	0
-0.9786926606072236	-0.37896947667152653	0
-0.875586978513341	-0.7628580792921184	0
-0.09116334771752424	0.5466941479666863	1
-0.23951521989264163	-0.494689435496864	1
-1.0290784476674812	-0.3164072240810524	0
0.16608737361819664	-0.3598833589195281	1
-0.02128838759087415	0.4029292687489653	1
0.26298637827669724	0.903639625840877	0
-0.19661713973416306	-1.0780477252312035	0
0.9459217987896443	-0.09758262785045038	0
0.11481611449102604	0.5422254699911502	1
0.6339810294603333	0.7188668685207703	0
0.5050973336040484	-0.9037679076333749	0
0.31481914498228125	0.9955210850813474	0
-0.11831474782346037	-0.3447257682533208	1
-0.37459224508873185	0.8629389550853547	0
-0.1784108060209065	0.5102991351227361	1
0.547403693588352	0.8106522228617581	0
0.46763142588771917	-0.08360891740667971	1
0.30526334468411054	0.26138023417296574	1
0.9048451645710317	0.08183607689081729	0
0.8995462565123147	0.35402529599183535	0
0.47021929846979055	-0.1761462784629342	1
-1.0407172482085418	0.21436263866217323	0
-0.39381235370874945	-0.2282853440647616	1
-0.3726529411041228	0.21052054339662743	1
-0.2841025132296218	0.49929622805902146	1
-0.9715939043186946	0.46048620920867334	0
0.9312615343811291	-0.04097000434548531	0
-0.4717586616157248	0.8769087165643354	0
0.4688213346075315	0.9076171428506065	0
-0.44897384759469355	-0.01865672096436931	1
-0.3629376843448539	0.235495059046003	1
-0.5169176655280011	-0.838468260106783	0
-0.46970839238269047	0.3709671759610743	1
-1.016760279019414	-0.2605994454116753	0
0.24853626265751297	-0.5217426999826307	1
-0.3731987244385473	0.12421563154447969	1
0.2339666159849648	-0.9773045425335217	0
0.5614300419997252	-0.9372227066744213	0
0.4629380346969126	-0.29334069240246674	1
0.21288963583255616	1.002606653879842	0
-0.6160383736964624	-0.768347294374969	0
0.3625181251558607	-0.9828373322428243	0
-0.4224238357803942	-0.14051891464939437	1
0.22779007660876482	-0.8562836406504566	0
0.26689113937955966	-0.31120060963537205	1
0.5521269709269272	-0.8236696563652526	0
0.743399785048344	0.6496268489041788	0
-0.6091082093234254	-0.825459762079555	0
0.2055559829666202	0.5403050682388681	1
0.8787486390806128	-0.04648650025301829	0
-0.10804242934391835	-0.46132902042527113	1
-0.15491995120813098	-0.5070251355999513	1
-0.07947669487675779	0.5563983614645612	1
-1.0075489509512043	0.1565921769165958	0
-0.04188665983788689	-1.0498618736865322	0
-0.7129288420362857	0.6909950516426292	0
-0.8681685557692773	-0.3987548277715921	0
0.27299937235711064	0.9327930681848026	0
-1.0834807867447291	-0.09191538632957107	0
0.3830523677237333	0.1205008196018275	1
0.4877064192863317	-0.10194535904095037	1
-0.4693138167430557	-0.11536727949783539	1
-0.24307267462583254	0.4330999422302881	1
-0.6994816836814781	-0.6336477670698379	0
-0.10667905584963154	0.5417418271823815	1
-0.4550619093638781	-0.11578208632861786	1
0.021701541606120867	-0.5324637364226166	1
0.7578988942243632	0.5796167573508013	0
-0.46397528365275215	-0.9810752979235199	0
0.4514609914733488	0.8629320047894539	0
-0.68856913632674	-0.7765715629640376	0
0.389944666223624	-0.935022781383239	0
0.4184927980739193	0.2866305298054132	1
0.9057769524096652	-0.4785566448091396	0
-0.8488066120231079	-0.0699607073524529	0
0.9700542673888426	0.3977971854930536	0
0.8941403051062669	-0.2656486323351503	0
-0.8893430418138067	-0.5170466183091035	0
0.06761713105601472	-1.0071235115295827	0
-0.4602702483229053	-0.11186049006024468	1
-1.0203140503609889	0.10889091508247095	0
0.42155508306058886	-0.4313335368921034	1
0.5061353507165083	0.1341263983210543	1
-0.9896052581222523	0.27316692787460006	0
0.929688476068615	0.5033632986717129	0
-0.4690405147169776	-0.23175461974442838	1
0.5387557985659119	-0.03755556807400953	1
0.13341805435077983	0.9859092581975486	0
0.18984611574927912	-0.3645795550522066	1
0.2813657511834237	0.49068816343327915	1
-0.8020782049373821	0.34266935458547537	0
-0.2116087841385019	-0.9455688966916485	0
0.32840847102480447	0.3773797647802605	1
0.08640700974345875	-0.569926685058636	1
0.49312939145600115	0.09043902505385898	1
-0.08929224742144294	-0.603960197401969	1
-0.6363319532247542	0.7817761583594267	0
-0.8797001753657194	-0.4085950791360825	0
0.17802333701545714	-0.3687434077360286	1
-0.2143029879096476	0.48435522076827725	1
0.16088747149252286	-0.40393416722459397	1
0.5883775515272338	-0.8866255519552532	0
0.1813046319605027	0.9219842787588612	0
0.11700158733974576	-0.5682436418728056	1
0.09139487919658174	1.0296782127046704	0
0.9636492254844312	0.1470181517317493	0
0.42526797139620853	-0.3967526505901817	1
-0.8338663383960769	0.675945667913176	0
-0.454063496123646	0.13388121041495565	1
-0.4264172170602896	0.22874863712072274	1
-0.2687984284514139	0.9657432412991226	0
-0.6854693131958146	0.8380752988149283	0
0.7369188632086184	-0.7285264788592605	0
-0.10484469890522503	-0.5662715392604051	1
-0.3855482347977313	0.24850260798262	1
0.17222773195412194	0.5115586299857424	1
-0.175210119456336	-0.8997316382966353	0
-0.32218096787931816	-0.32014041762874723	1
0.406410280270209	0.32808859124229534	1
0.5035004738155062	-0.10493616196420635	1
-1.0632548092924858	-0.2789298451815984	0
0.8485494553131089	-0.4521634870284139	0
-0.1132465844437521	-1.0202467091117056	0
-0.1454206158290509	-0.4672318059467676	1
-0.9816728139683585	-0.2864670747696551	0
-0.6764456547002805	0.8019706395129386	0
-0.9887943682242104	-0.31641282061099696	0
0.9745122573685698	0.2383939270740386	0
-0.02906635540245563	0.5481290932088911	1
0.3927606601638811	-0.9009182948861738	0
-0.022420446778091623	-0.4485834940864037	1
0.4025003055240683	-0.28429175265797674	1
-0.6211546533534338	-0.8266867665180714	0
-0.9379047277911234	-0.2546721484415704	0
0.21622258212490666	-0.3285198801592006	1
0.05431514120675561	-0.92363029543863	0
0.42507166685407294	-0.3988214730308201	1
-0.5969376274051329	-0.8000092972709767	0
0.2966401985876315	-0.37736700322188155	1
-0.9360506314500836	-0.3656608789809067	0
0.5185979050860199	0.8816009235185496	0
-0.9769982060416041	-0.15482595993299475	0
-0.5861444763472811	-0.8458500743134212	0
-0.4445096817821869	0.9507049950834396	0
-0.22899614324491696	0.3382303767268379	1
-0.5234652116683136	-0.07495729633814152	1
-0.7921594195547059	-0.5203483569940098	0
0.20508074878593766	0.4283724462845747	1
0.18338864793134385	-0.46096785585042716	1
-0.03715632002805787	0.472641848713339	1
0.9713171148564032	0.3687316472169611	0
-0.47512358369235735	0.14335600180620867	1
-0.3853999645684815	0.10611540740793997	1
0.8364401764291298	-0.7131424615823959	0
0.31662533574583734	0.3161974782483842	1
-0.7771176900899444	0.43979459764338974	0
0.9917531437545334	-0.24263786336941578	0
0.9305783116416155	-0.13972772461772043	0
0.6613217549205392	0.6951667498712991	0
0.5690264623579578	-0.05940842218516999	1
0.4011857982303624	0.3019432804946007	1
-0.2585750728773427	-0.4427066214936088	1
0.39158530553041127	0.16674001292060514	1
0.35640432605799366	-0.11944944744509933	1
-0.5743289609309726	-0.9004125045714536	0
0.23230588314145378	0.38834347781827777	1
-0.4517699445262899	-0.07205786756725363	1
-0.005904917926521945	-0.901276388480593	0
-0.04190046916148874	0.9472767443314934	0
0.9217056171423373	0.03900350556098759	0
0.17269931638994207	-0.473355375318503	1
0.177507328372943	0.5312831510046857	1
-0.12934165157194388	1.0188707213966388	0
0.8655661533013325	0.7415251293234373	0
-0.9229918134802747	-0.36639852504891923	0
0.09166958283110054	1.0665848347613593	0
0.06228105348108691	-0.5579665134416417	1
-0.5789347480240774	0.9106643010761686	0
-0.31729895377876904	-0.948673805844601	0
0.4875208688976336	-0.09667487642891542	1
1.0094036279362137	0.20633291187190583	0
0.17063390876433973	0.4175787013770544	1
-0.8526185548925643	0.5017338034023057	0
-0.9358203128753859	0.4293671655021623	0
0.9388954389470296	-0.33271748762436265	0
-0.4876034842807957	-0.19851126909806985	1
0.5305988605543974	0.7439639192485299	0
-0.10294092108163304	0.5182580642761744	1
0.5796981669551015	0.019357223168976444	1
0.9438625301627496	0.20964623566375915	0
1.0195472541399737	0.21580892299671414	0
0.49412969169646986	-0.0408202181404145	1
-0.8864826163303244	0.48571076657831996	0
0.1487280647402876	-0.5227684784596689	1
-0.5469723380300503	-0.01789553583697527	1
0.22271564453707854	-0.39263864748752436	1
-0.18646861542250617	-0.5368934271246071	1
-0.5590181491736269	0.7773362782346299	0
0.10840256194064816	0.5348901536976666	1
-0.32242509154118826	0.1968564850631013	1
-0.039647222987511464	0.544625471745521	1
-0.3322600722584265	-0.41113243146185585	1
-1.0763560452709173	-0.24315335734091725	0
-0.21940112177792695	-0.39792283785233823	1
-0.043309169558429804	-0.9762644521384507	0
0.13309961178650723	0.4579611043619745	1
-0.11046027822777996	1.039813255407913	0
-0.18405574043896716	0.4411308834427527	1
0.03219350650841768	0.42026090723871234	1
-0.4163773426252102	0.3017081284069696	1
-0.16389755299611025	-0.45227041435809556	1
0.9186112855895621	-0.07577090348629592	0
0.7170865042288924	-0.7140036433007402	0
0.9337903320815651	-0.5552170408433658	0
0.10864397659027486	-0.957761107687536	0
0.9916577258960368	-0.06900825873128638	0
0.04226893789408512	-0.48950555231443016	1
-1.0382514058804153	-0.41426229533419945	0
0.31669923683917267	-0.3502281646480195	1
0.690069793795131	0.7355333285422939	0
0.23928507320736975	-0.3126041486862383	1
-1.0019321664831458	0.1552639029822806	0
-0.8197678215472455	-0.6020611997008443	0
0.5453029808153532	-0.08379211425438943	1
0.13556795392652893	-0.4810809568347145	1
-0.9131281715628732	0.44393964134885405	0
0.43764206176588294	-0.03764626049074212	1
-0.4587517471973409	0.07121037520008448	1
-0.26273479044504294	0.2871430189193913	1
-0.5062820585336727	-0.11922593052983105	1
-0.09916318065638377	-0.4427507163181116	1
-0.0030736569561986143	0.43048355427767715	1
0.9487225249245264	0.27570721700369544	0
-0.3953144367492295	0.4385329558575094	1
0.9779973757100411	0.40110367575143896	0
-0.13904984891703875	0.43757105220485876	1
-0.263760091487157	-0.9685052811804987	0
0.2710109419635356	0.5662151178817776	1
-0.27240245354334675	0.5298767312319428	1
0.09938966119088537	1.0116935509548381	0
0.4898720216451223	0.26243924710394534	1
1.0885725933846198	-0.21393071703841934	0
0.3735174172378308	0.2763227499360299	1
1.0144528544439224	-0.026401300584359078	0
0.4060502885169706	0.8734364524303702	0
0.9784430831319203	-0.2381386356241974	0
-0.4768430160829492	-0.9698946567026205	0
0.45882660841123646	-0.8691016630601962	0
-0.3530878892306107	0.9248514378057566	0
0.8903807808498122	0.04908495066149375	0
0.8381459601592639	-0.6841778944906723	0
0.023153463265311286	-0.5716943728209295	1
0.35650794556974835	-0.34638399814794074	1
0.535868411093925	0.12710521340116931	1
0.9096644867245857	-0.07424034387895759	0
0.24481719577456235	-0.4516861692365665	1
-0.3401911795635622	0.3520041909781017	1
0.03167048521404689	-1.0094733449286066	0
0.5385648520349992	0.28478912730690803	1
-0.5048656482174811	-0.02598037768142133	1
-0.24114635869772927	0.3009296310923042	1
-0.40361058480388884	0.3418318954841096	1
-0.24250362552200505	-0.37287377875258515	1
-0.46373270023253294	0.2389873993784401	1
-0.876659167935835	0.29553783436784276	0
0.5142077898643865	-0.3109721387155297	1
-0.5493149401948392	0.020816973395889164	1
-0.9348065507994631	0.20381829631521275	0
-0.47444497097982696	-0.3341182988992819	1
0.29168463729322824	0.9847583862046476	0
-0.5204361979089561	-0.008318603167629703	1
-0.30015128274265535	0.44307555490040296	1
0.9810992555062447	-0.10582131068307987	0
-0.707249184512933	-0.8282433809945039	0
0.14917976378904135	0.47233477726944	1
0.2583067896800954	-0.931600340199178	0
0.47715005328025567	-0.29517607436017546	1
0.08949649508797568	0.31921582677437266	1
0.4763216684701199	-0.8222265329965004	0
-0.9880192216223062	-0.18928821764868276	0
0.006453362964434467	0.9548434643877798	0
0.4450691753588398	0.3229899392457284	1
-0.8280931725619228	0.580381880174239	0
0.5007485313583488	0.18177824932616665	1
-0.5681553093149868	-0.02119037219614457	1
0.3955341660882139	-0.2027358584774682	1
0.5386675415526333	0.13263130227382944	1
-0.488049840372761	-0.23717739387993947	1
-0.4299412910142157	-0.2759992731993011	1
-1.073963697908869	0.13352138025518615	0
0.21016560048960325	-0.6002262433808803	1
0.38799890694912675	-0.1483774526350805	1
0.3590701979884305	0.4008465710881032	1
0.4557590202538137	-0.037558218289658704	1
0.49215309145650166	0.1494773949002581	1
-0.19020788994284674	0.9235872580724981	0
-0.9128379872522979	0.1636501111976518	0
-0.279380466644887	0.2895317993064599	1
0.4080789979598628	0.1857449347644437	1
0.2632641563961925	-0.39409910589789676	1
-0.46597675214744816	-0.2137942984655903	1
0.9126700925789916	-0.45391645662423924	0
0.4426882162365209	-0.06088826631944333	1
-0.47050404185836014	-0.0985844918080021	1
-0.01912412283772852	0.47598215349787676	1
0.12017431281176484	-0.5482726486745493	1
0.5407981335704466	0.21442758277626478	1
0.48342036470381367	-0.2388132871100847	1
0.38829608250387737	-0.19797039273239214	1
-0.22210386273979363	-0.5327565233639306	1
0.25842597064425055	-0.4538365207992929	1
-0.9565304033140551	0.49577751259716185	0
-0.3109887364927704	-0.37011726221808927	1
0.5107730067797563	0.08634470629057281	1
0.37051816589653574	-0.39957011842137846	1
-0.6187352884150189	-0.7870522828975527	0
0.7368775459238501	-0.6724894275826284	0
0.37615684161216595	-0.2184769074653858	1
0.5629146052087051	0.8698365124135206	0
-0.33604663284274927	0.46708271282046715	1
0.838118568997525	-0.31240003719626136	0
1.0035972142990985	-0.25030310412240325	0
-0.1387990299268889	0.4258500654636458	1
-0.5602974759561021	-0.8359433153930541	0
0.890776179500184	-0.47862759365109203	0
-0.4912400849357176	-0.8801452835952777	0
0.2873499313758875	-0.29981044736971757	1
0.39168676047578155	-0.3224617641135418	1
0.3416364756470994	0.9646318888225475	0
0.04718211570654599	-0.9508198203541864	0
-1.1279043681892928	0.10232849933748304	0
0.053453294329439176	-0.4066407855053713	1
-0.14035664496524097	-0.868206847617802	0
-0.9389807899159569	-0.40362070869488575	0
-0.515700874237344	0.19429675014802644	1
0.9088615984202404	0.26499595007377064	0
0.2443064502183586	-0.42200091035756665	1
0.8556101915702842	-0.48721013624574594	0
-0.6094603050471225	-0.8069311698675966	0
-0.20637777146719274	-1.0029922377387266	0
0.7435710142889712	0.6668822530596086	0
0.22719867153590512	-0.39183227109727115	1
-0.47823317909839685	-0.22635837435486061	1
0.38235477773354487	-0.15874720025711828	1
-0.7827175991596192	-0.5394865544067539	0
-0.3287860532327771	0.24061573432623856	1
-0.5533088474135668	-0.00500701857584185	1
1.0233602928612353	0.24790616813680594	0
0.472697990135878	-0.0689219213603853	1
0.04358362174468547	1.0743082688193977	0
-0.147848741215279	-0.42073956415705316	1
-0.3214354628703674	0.9172579547393187	0
0.5323573574826471	0.08868821727552023	1
-0.8774871953076528	-0.4442906679952741	0
0.22463174992336093	-1.0218983084777864	0
0.04826828977818152	-0.49511732867587605	1
-0.1813189207257913	0.9261082508775167	0
0.48408073832902726	-0.005273503725439194	1
-0.44404152736185704	0.25038419451830324	1
-0.29415772042037325	0.919235867882684	0
-0.4152008896713576	0.2827579032151614	1
-0.13226277034263267	1.0185621768604833	0
-0.36219875630834214	0.2801690810606554	1
-1.012185882687599	-0.26171967410830504	0
0.8558398091275459	-0.5808098536486562	0
0.9587642014075256	-0.4553548656497844	0
-0.8505614250703262	0.5446351441395977	0
-0.5362492480918476	-0.2043357125773155	1
-0.49830245011462065	0.8056494361682757	0
-0.8977256460087312	0.19148817326101167	0
-0.6843153006067522	0.7638532320954544	0
0.4233608973617803	0.31302219311931234	1
0.47525984268307064	-0.8236877522239384	0
1.0592417210201657	0.0787374497441273	0
-0.3482205303043246	0.9957199900995998	0
-0.37627195842496397	-0.15095984304967341	1
0.043141711367987085	0.35949609473369726	1
-0.035438388895936195	0.4711698366220585	1
-0.25825607131710027	0.43197794541335144	1
0.8447814230510946	0.3300326348785938	0
-0.2965997416991374	-0.4195347010872994	1
-0.5465200470645782	-0.0006035314236514933	1
-1.0564093955123444	-0.023791424340978945	0
0.9466485588085565	0.1383830394203343	0
-0.38268808671207305	-0.9760937007655723	0
-0.516580147070913	-0.08652251592013566	1
-0.9387764626552443	0.05164044439672077	0
-0.3745825068180036	-0.28723944120002237	1
0.481787415209718	0.08804113994391563	1
0.9007914875193409	0.4377105171424569	0
-0.21582066173569053	0.44348192167298767	1
0.07186392493009755	-0.45440962816896574	1
0.40577357933314956	-0.22274941044907437	1
0.9695564287736986	0.37858075262489316	0
0.300316046843294	0.2603845125357775	1
-0.39325970958773204	0.22864630071187297	1
0.307218295301779	-0.24943892070631524	1
-0.11047622727908898	-0.5701738913258947	1
-0.7931582183206766	0.5538213608652258	0
-0.17281296827486206	0.3895763941650405	1
0.16767176884476348	0.41353759938593143	1
0.8884727076964892	-0.1072595427012134	0
0.1943417072364091	0.9701884494322249	0
-0.4879918193289362	0.924998342520776	0
0.3001350229975616	-0.9179051754851286	0
-1.079824020713251	0.13558416965690756	0
-0.4911892865409652	-0.09459390344450169	1
-0.2426755356371531	-0.44258648104959647	1
0.13356691711651783	0.5083711290538651	1
-0.9658062967483662	-0.18663089194269694	0
0.5126312932408912	-0.2502307161967999	1
-0.6012257685116376	-0.8341194707979491	0
0.7407633628118991	-0.6307693270888753	0
-0.8808185516408896	0.46995409430954005	0
0.16348145918471624	-0.35974398728022977	1
0.6619483516814679	-0.7141242627297378	0
-0.25160168176154507	0.41309954108230895	1
-0.6552608447267038	0.8256764060348665	0
-0.5315410515494149	-0.3584182965980116	1
-0.10047100346520668	0.9808552483732232	0
0.674939397416771	-0.8037349062512531	0
-0.4042158003225347	0.24761712885198342	1
0.7042195280907749	-0.7673070133480534	0
-0.8163228864769089	-0.5261604156444961	0
-0.13723254911466715	-0.8629377407074355	0
0.40513190173627023	-0.8996807012812987	0
0.9265385279712547	-0.04252609363894174	0
-0.37795273554037057	0.19459514885083296	1
-0.9914335572645575	0.1901208739044693	0
-0.4194779911830179	-0.38377853514561683	1
0.6850685331966423	0.7392206654250726	0
0.903724989939163	0.11376570407260121	0
-0.9106933637838087	0.35133613336143354	0
0.4935934720488841	-0.1703280757995218	1
-0.5109516996704684	0.27599463322979256	1
0.33706229891308204	-0.32898620908993637	1
-0.9382823043988576	0.13978979330244778	0
0.32418221428474725	0.07537750407511334	1
-0.03200421330242149	-0.5140717916874438	1
0.8775164463827206	-0.6619807602832234	0
-0.06357983508563633	0.5880624050122428	1
-0.1753468775827451	-0.962121752525507	0
0.6609078884272731	-0.7851805531924451	0
-0.34507096766718837	0.3544239386814376	1
0.08542331501003764	0.533861909463919	1
-0.3977224250955327	-1.0071382760098573	0
0.7806782533447127	-0.4147404221104197	0
-0.20840124459160433	-0.3147320785625466	1
-0.21303093458991326	-0.4087205379647349	1
-0.27265981752996044	-0.8967630605469887	0
0.7398306484359268	0.7325303281912687	0
-0.329546082941432	-0.4234252610372926	1
0.9479301460255566	0.43366488524652586	0
0.15155381737507595	-0.9432559612217292	0
0.388975059141229	0.2214351888274111	1
0.9517215723180323	-0.14773698006170471	0
-0.5626017145649016	-0.05110965018007539	1
0.8616861545899978	0.4198713214878208	0
0.40820241962777415	-0.20864926722962274	1
-0.8725308212579015	0.6863401935380806	0
0.494542225992498	0.8702611428079182	0
-0.22573704821163376	0.3294469134396678	1
0.13629925561975542	0.4766193021366844	1
0.886117191478258	-0.12883082409832616	0
-0.42425014306511494	0.35743775059068444	1
-0.4681646076480598	-0.11208658227611165	1
0.8903519159373346	-0.6028401796849492	0
0.1953190770780555	-0.47055769655811214	1
-0.3842960187219422	0.7220821857944056	0
0.40936027265905733	0.7926886975622894	0
0.3010485243721572	-0.2843037860547447	1
-0.7136211342877951	0.7909263954753695	0
0.737774859181547	0.6453356535271939	0
0.02256402122718283	-0.533793608841107	1
0.33540707639870165	0.2531942689776561	1
-0.9086248909411581	-0.06755270206547176	0
-0.16935314422295505	0.41113066558094347	1
-0.7231355788107694	0.5964937069785066	0
-0.7125687412580157	-0.8168453793043045	0
-0.31497934757691465	-0.8321904266650106	0
-0.5496201636506448	-0.07767460664775654	1
0.0007605882215047793	-0.9898627759068026	0
0.4027386716436952	0.3437696369341805	1
-0.04850219876010234	0.9479149652628938	0
0.17694089777133384	-0.4922296039932507	1
0.501806970484154	-0.8311439500061839	0
0.43396222166790843	-0.8396706662851154	0
-0.158020176395434	-0.3671638354657869	1
-0.07161814719109516	-0.4984190132148145	1
0.3101644085918618	-0.31751500526701193	1
0.0845544032530944	-0.9848564891695807	0
-0.34371783210211765	-0.3970631061770354	1
0.913767353018264	0.30501733151882765	0
-0.5621455935496249	-0.17926794485710165	1
-1.0219103268666223	-0.03096881766650752	0
-0.8251221593069946	-0.6429452499731296	0
0.4822925688791606	-0.3034145795394812	1
-0.04276799986005124	0.5246950506354178	1
1.0324510336885624	-0.14814262657587413	0
-0.06027044931041842	-0.5531213897054325	1
0.23491484821107303	0.40445127613302523	1
0.08475097329940125	0.9383313455268846	0
0.785886074834241	0.5369625454592497	0
0.09635074199291047	-0.4769331446573032	1
0.04725548154502485	-0.5165475751516103	1
0.38556600361073584	0.946351760713361	0
0.11242821557376859	-0.4947450083970228	1
-0.6898630385601556	-0.5753844236499678	0
-0.027876491087208813	0.5206107923883084	1
0.8707063391004579	0.5105474545634269	0
-0.9279924252996956	0.04512942506572857	0
-0.8950108856839248	0.6693010300600872	0
-0.5537532489933936	0.03704406168485336	1
-0.4622708188899683	-0.19865936909733373	1
0.1425864641350337	-0.4376067690503346	1
0.8041054022569802	0.5610462226335118	0
0.9412671395499547	0.1951922287004768	0
0.4357204860460054	0.284508324129771	1
-0.41596613957885165	-0.2349625310702289	1
-0.7341515004229878	-0.45100262515606077	0
-0.4226983343308437	-0.3002594711903471	1
0.17687359787612916	0.5881004833123695	1
0.9660856739498096	-0.41482962649218896	0
0.025458386949526374	1.0485594190494518	0
-0.33632102679674103	-0.3721935943230018	1
0.4670775580546792	-0.048925175390172125	1
-0.6099963461372868	0.7335426714006432	0
-0.8584628383004653	-0.6056243206354829	0
-0.4725251607037034	-0.4683578382515063	1
0.01889368945212	1.017478051650529	0
0.27515237182009017	0.48237493865375125	1
-0.4344780523682826	0.18101667075294858	1
0.7068803331937904	0.5937608971662686	0
-0.046987546992334775	0.4043974312283111	1
0.2706924047232832	0.36956378441864324	1
0.006424339835008594	-1.0901392826667244	0
0.020780646847208824	0.5102283085033161	1
-0.6348665682590294	0.732475890934696	0
0.25567118119530197	-0.5225078521290341	1
-0.47057589137537037	-0.21780289819108228	1
0.4748328548540194	0.3395786172866107	1
-0.12328006042554607	-0.9190316030705559	0
-0.6714402827121773	0.5001950800560354	0
-0.20625875262430696	0.5646581280441554	1
0.4379668395656668	0.27199405345900324	1
-0.2118095064231187	-0.4804148035285743	1
0.6085978594516849	-0.7883706233116378	0
0.08418099526756517	-0.5861096160714794	1
-0.7075938386192608	0.641871560519494	0
-0.37917025483383615	-0.3045056509002364	1
-0.9163621529609612	-0.23419213341136627	0
-0.1469171925991633	0.5930641357011601	1
-0.3928834769144586	-0.16092356227002452	1
0.1729369306048233	-0.36127997630972775	1
0.43661255179942476	0.9233195426199629	0
-0.43762604896287477	-0.9190966512017786	0
0.35426839782720815	0.47416580589661494	1
-0.49971181640359097	0.9431197165528814	0
0.34573990602889293	-0.4948962871457769	1
-0.21306753086883573	0.3457909098504186	1
0.7104195399553325	-0.8365297473240622	0
-0.5767315264014714	-0.8809918803717234	0
-1.0236215066518906	-0.10645778703238647	0
0.0007198751062179459	0.9755324287463276	0
0.4155105974927861	0.1520831932507794	1
-0.5869214080592542	-0.7926096815457122	0
-0.30733275575678043	-0.19671667742542812	1
0.14523465429701318	0.9821769743168891	0
0.7883877870654064	-0.47797340530732013	0
-0.312993944695386	-0.3216320361841614	1
-0.33314794667457603	0.4060650687786491	1
-0.8318120229846588	0.6941011580023853	0
0.5807620984403845	-0.6543484163286769	0
0.2551257629762552	-0.9408547061695174	0
0.822268592661008	0.527304371297591	0
-0.4726997455744419	-0.02927071174755	1
-0.45710729075008005	-0.2624741899543202	1
-0.10485753946002589	0.45716090267838344	1
-0.3736471313419508	-0.3723329206084518	1
-0.2718419589034101	0.33271571175466164	1
0.7527753615299967	-0.7327526981708916	0
-0.046662455241863146	0.520384137665485	1
0.44052687068593654	-0.15311373843743822	1
-1.0163848556489705	-0.3958579364343847	0
-0.183234804695537	-0.5888191444039921	1
-0.6050227138487961	-0.052022836290180854	1
0.32189999161247174	-0.9474269671343434	0
-0.9731386639722085	-0.22359349210274204	0
-0.6343115411588733	-0.6525652040202419	0
-1.0455243424671312	0.10197437566535601	0
0.5313390029273994	0.7309557386015398	0
0.15072820119580138	-0.9245597518573307	0
-0.2661515999504935	-0.3742652190624117	1
-0.5036353515009597	-0.024735052182432125	1
-0.5386002820554412	0.8297520906820662	0
0.11182065456801334	1.0129595491788388	0
0.8806612083783995	-0.47949115991152896	0
-0.8628101728532083	0.4685731943097887	0
-0.050461687213959355	-1.02755418317472	0
0.9803183470649438	0.5506817779980585	0
-1.0109538577387807	0.07594185382139834	0
0.36304301685794965	-0.26141146555903316	1
0.15353571279864825	-0.45760595253501163	1
0.500659072266904	-0.8542071756687689	0
-0.2831096793647758	0.38542127299302564	1
-0.04731416068986946	0.46217211784404993	1
-0.3268805832883202	-0.44428655849663035	1
0.37430068801682315	-0.269596629349707	1
-0.3285658938726923	0.3143346293737238	1
0.46942577210237957	0.023925077068680065	1
-0.9400855441447312	0.5997856627421586	0
-0.9441295011778967	-0.6024813283081326	0
-0.26617747886351517	0.46453224933623455	1
-0.3319309638296912	-0.4154530705260637	1
-0.458840779341082	-0.25646369496170757	1
0.6433460805641487	0.8250060678174956	0
-0.4894107057287393	0.22678097908406444	1
-0.5502062625591793	0.09676371568512526	1
-0.051658703374520165	0.4931220154417245	1
-0.8859240049036213	0.5776522087382504	0
0.5906235222949364	0.8233944292203172	0
-0.6259621860987369	0.7321525894576697	0
-0.2059862405975575	0.45044950070407824	1
-0.786163930821457	0.6794676478213924	0
0.8365675778525761	0.4404207184810694	0
-0.14444864265824264	0.46621420224111987	1
0.21129474449482077	0.970758830303629	0
-1.1140332617712956	-0.008955047773894245	0
-0.6288503757746401	0.8774027970126682	0
0.8361224629017949	0.6038144765419088	0
0.4640789055305208	0.12404558058113735	1
1.0214337798534299	-0.3054972062074364	0
0.5912131800417469	0.7933167973051621	0
0.26392011786346836	0.4429699127455332	1
0.015518689358618165	-0.5286145772720829	1
-0.4588708959633347	0.03474699091424499	1
0.5926424049343951	0.00029931307399041866	1
-0.024787572532622718	1.0614337217317429	0
0.1701301481748444	0.9513806198651024	0
0.13292646576268538	-0.5163198204466769	1
-0.5260841732623902	0.7809775751167011	0
0.6788008198117323	0.7931820115637054	0
-0.898216446030453	-0.560260886146344	0
0.3974612745898471	0.09151591469879335	1
-0.46884744215058555	0.8844505326766815	0
0.4872716327315438	0.17745957273069718	1
0.01771805051042709	-0.5029617723656208	1
0.2576260571475513	1.0152355143291896	0
0.09300257030691225	0.97616464642775	0
0.4342592577859032	0.8623294874809091	0
0.4965509505263468	0.12743508030003403	1
-0.7302120849946019	0.7423513167546437	0
0.9585500650368917	-0.24480411992226347	0
0.4552134427672597	-0.3241273594681081	1
-0.6256675916520796	-0.8293669045085921	0
-0.09194046444661458	-0.4326597461114527	1
0.3252181731761221	-0.26251889351294405	1
-0.49248981694878946	0.8400245703624853	0
-0.9346413036365433	-0.659415707812151	0
0.5410562924679251	0.09410232920523219	1
-0.03290841078440937	1.1326438869566235	0
0.45213759091459704	0.26376476133649907	1
0.37312378886329467	-0.11338801383423204	1
-0.956484256853737	-0.2922745359400531	0
0.3040417454449609	0.37985294268319314	1
-0.0028227950216509062	0.5116736583918456	1
0.7796974843317062	0.5435595049151843	0
-0.4576675860771095	0.09394867624158043	1
0.5204997831979865	-0.20348283585117427	1
-0.6769256687294172	-0.8519225422160915	0
-0.48404988242643615	-0.8563147237930558	0
0.9480856977529072	0.09338697402436727	0
0.6678707078925918	-0.647144071851771	0
0.07269259804786461	1.0773528328090172	0
0.9349916484432821	0.32180757020093087	0
0.12349222609604261	0.5307977977915375	1
0.867260919225635	-0.5063936698225947	0
-0.9117721801046714	0.4490828911397652	0
-0.2797716957096912	-0.8639413408247152	0
-0.23515363140656648	0.49021931942227115	1
-0.33956281001244265	0.1662979495430851	1
0.45183111785753816	-0.8467549477961849	0
-0.3232605015892272	0.8590749484204349	0
0.40734637062119516	0.9171471817661834	0
-0.1585161907226999	1.0243414436274532	0
0.9450926008759343	-0.47743456240555404	0
0.3089224003231901	-0.49378606240501266	1
0.06922059464774767	0.534236355614116	1
-0.5918682941771473	0.8692360011295074	0
-0.4535962538455865	0.9837998335215463	0
0.5015178032984655	-0.0007488508264100469	1
0.9670763586468692	-0.38028511065182075	0
0.1334605481384568	-0.45402536073958355	1
0.4272872264447151	0.8469652231433829	0
-0.7697126019509044	0.3888683367445536	0
0.12941755495144314	0.9025342957462575	0
1.0842160091025415	0.041379925815196075	0
0.02688988240973629	-0.5204795651579112	1
0.3885160952112466	0.3499089247062145	1
0.9006578290856416	0.3728499764259422	0
-0.4640751779729123	-0.05768064459772485	1
-0.2632345194601605	-0.456498697036072	1
0.6244922871664876	-0.8062744994345282	0
-0.11166556192582869	-0.4964352363359796	1
-0.16470105233602791	-0.4736745171029406	1
-0.2846732099119232	0.9603308894365864	0
0.3618589627919713	-0.2862782856042636	1
-0.16560238679920586	-0.3483439742922009	1
0.5337895249846237	-0.16054918453715614	1
0.3835207825339391	-0.3117230939259962	1
0.044285319613596455	0.41225456836663443	1
-1.0451138121719092	0.052583181244243174	0
0.8647887988469296	0.4287081327114072	0
-1.0752422422409667	-0.08022030773092192	0
0.4733307702012953	0.24815344085871513	1
-0.8838998326831885	-0.21419560291471576	0
0.4259473838728918	0.9412065598451745	0
0.7863092656039752	0.6907475856665672	0
0.6428221528274564	0.6025944613575388	0
-0.25829415363609276	1.0169414322595176	0
0.41233993873937014	0.19401823108817795	1
0.40028582919568184	0.17087551626963343	1
-0.5994482637879297	-0.8281131481670138	0
0.09694186439659189	-0.9253765710983889	0
-0.1689735760618299	-0.4583318389024074	1
-0.3808529218755546	0.17845621192240757	1
-0.7084094013265864	-0.6222546228250554	0
-0.29668597556103726	-0.37106203970660356	1
-0.3444449049966505	-0.42205402434015893	1
-0.8516895266097972	0.44803478383269724	0
-0.5599582170550618	-0.7203987423124147	0
0.48314423010993907	-0.14011959087458087	1
-0.24071937423318923	1.0194994294504445	0
0.16054186373034018	-0.544148981996068	1
0.15163113859548377	0.578436010039055	1
-0.45162177115776836	0.8967886281489755	0
0.47749709183429484	-0.06280827821609519	1
0.32625995230569405	-0.20452230478842715	1
0.49643311664607737	0.08511509289349149	1
0.9972948555110864	0.2771250077942604	0
-0.02937042102125615	-0.92652736390425	0
-0.412958228220192	0.05115939262882693	1
-0.08269590450797887	-1.0565955896021786	0
-1.0252444568126562	0.16938744466849076	0
0.5149060887260443	-0.06548566959200473	1
-0.33939882150848344	-0.19646180863235485	1
0.48096982516678133	-0.029413276224574805	1
-0.34762985088829296	-0.38405568031590964	1
-0.8842493044559097	0.516271460741072	0
-0.5508581581015406	0.8784905648549005	0
-0.4965951941624945	-0.8357415762793395	0
-0.6098914328918477	0.8383441389335557	0
-0.9275357781027531	0.29137354284659867	0
-0.17056885310818592	0.42527023213116394	1
0.46362974287078773	0.0930822208329847	1
0.4368200699090848	-0.32453234519798174	1
-0.2911814625378608	0.2036344829336187	1
0.22187199377339223	0.40099203532554484	1
0.49705330302130984	-0.24230175141671303	1
0.006579984580448707	-1.0217891157665557	0
0.6249301493971113	0.7246289661536116	0
-1.0335708941025252	0.3485175527180795	0
0.13729101094787796	0.40794484168288575	1
-0.3605825757243791	-0.977435539375112	0
0.28234176279699674	0.4571395559882149	1
-0.19668632290051863	-0.5089046866917376	1
0.40102321042051725	-1.0798446796492058	0
0.4101311282793337	0.390152702578804	1
0.982381511496323	-0.3394405917435269	0
0.502230050841221	-0.010940626012268799	1
0.03345776430212397	-0.5239955192004695	1
-0.8451532525718783	0.6322694314828845	0
0.5863630433647153	-0.15459373748910274	1
-0.2982170074255624	-0.35146161790452196	1
0.2731415615636283	0.4094682368514688	1
0.36455110706047633	-0.46564048355473	1
-0.05774212336879907	0.5142363484147724	1
-0.1613632275000901	-0.3756251172112297	1
1.0301900571428273	0.10864207182232419	0
-0.19760374290945462	0.48165862096990975	1
0.03702983753268371	-0.9592142997836273	0
-0.8609804185637518	0.665071973048345	0
-0.009875683918824705	1.0248768110854758	0
-0.11406073265790777	0.5118495076237864	1
-0.35501241569210656	-0.011727625608575761	1
0.48507954784884694	0.27147170033771134	1
-0.4305359549763306	-0.8534031811418786	0
0.43090124614639336	-0.16725818415136748	1
-0.49599482861354	-0.05605341855980434	1
-0.34797014573292007	0.3724939128851244	1
0.2947571179377869	0.40051706793020475	1
0.7914667500378856	-0.7938158054653863	0
-0.82216318015909	-0.6109069372154053	0
-0.29389898465708786	0.2733739841527721	1
-0.3449505751891103	-0.5433599479062625	1
-0.7245871517863037	-0.6751277370605211	0
0.8802527332558724	-0.5561434837438038	0
0.581802194327387	-0.7439001353144764	0
0.18162807555961255	0.355198048541317	1
-0.11134909272089877	0.5892913684420847	1
-0.28968468939643127	-1.0335441796056684	0
0.14288784377656966	-0.427457527778586	1
-0.48244783546933295	-0.16486361158496732	1
-0.479176763960489	-0.9085868800511455	0
0.5555726217602455	-0.18878177828352774	1
-0.41453092171004086	0.8818467267853564	0
-0.3973471741345436	-0.33688671691616046	1
0.04744763483040172	-0.3700765216963182	1
0.19710937186572652	0.4573522823398352	1
-0.18186365021278963	-0.5472753279125137	1
-0.6867797723047552	-0.6710664449897826	0
0.005621293500227692	-0.4315545421519187	1
0.6944943287565019	0.6804545973469706	0
0.5436150831515486	-0.003716339348623185	1
0.4744694725048773	0.29038341472403567	1
0.6468742894972771	-0.7761157493863143	0
0.1241145651522555	-1.0342252692238503	0
-0.746205894555247	-0.4984837031079102	0
0.41495717032197593	-0.07372009830086201	1
0.1654212642373469	0.3858856216613887	1
-0.22583320809340476	-0.43595838102481815	1
-0.9865354758768826	0.6063450944453468	0
0.7572245012306831	0.5108350474347706	0
-0.03745811944945056	0.5295065584115327	1
-0.4041358341708416	-0.24453931725200956	1
-0.05717339475547933	-1.042249955899407	0
-0.5822350399736933	0.9286712561360895	0
0.1272852335591201	-0.4928006944703822	1
-0.36083289257057755	-0.448855606278752	1
0.45307353181027377	-0.8744002363818244	0
0.4850304562280786	-0.8938585886444677	0
0.07517540990963559	0.526467985459744	1
0.3589745107025809	-0.4858367244141304	1
0.8885077976877925	-0.37637605483713715	0
-0.2734908908639514	0.4287798870524408	1
-0.04266693671748718	-0.542171458490222	1
0.2681344358201593	-0.3933782224676039	1
-0.01789797682391408	0.4835888891989498	1
-0.38801083145396476	0.10978605095579513	1
-0.017977894237544874	-0.5721636181121539	1
-0.4813836775236453	-0.7812304786978168	0
0.8437681890658003	0.6327333989466346	0
0.36211516174442415	-0.9976087025761224	0
1.0092896316761446	-0.04597342454515207	0
0.43617300400468	0.26607337339761633	1
-0.3554600430935307	0.3694536307485182	1
0.39022405006907024	-0.41156294074375266	1
-0.8848194293865508	0.31924102495094	0
0.41109100325328485	0.17282766792061832	1
-0.44050494864514983	0.2541375113049631	1
0.024831659409781947	0.6042285721328706	1
-0.7972645733150305	-0.47272813425045973	0
-0.4961750539948907	0.4131756364354373	1
-0.39998966349336923	0.07195940058762956	1
-0.35927804329216545	0.2918046436332071	1
0.09038112090307932	0.5196922375433249	1
-1.0549334969690152	0.12840158485386965	0
-0.2850545042918695	-0.8983836703560184	0
-0.6260213673016553	0.6628173253094284	0
0.9329822315067462	-0.08912002410936512	0
0.21095560880710248	0.4008796296337493	1
-0.3418640122477693	-0.20401974662093175	1
-0.7820255259176844	0.60113224167304	0
-0.9315429939999198	0.4354072373884987	0
-0.6122789767509841	0.04306637233709684	1
-0.12974386342863597	-0.4959215330707973	1
0.36060193740741886	0.41366925375791785	1
0.48548232780842243	0.9319115239345309	0
-0.32734198622345984	-0.9529263758949416	0
0.37735037442744823	-0.9110196419348943	0
-0.8956276902505368	0.3848170538846843	0
-0.4774831324124246	0.010696541484483568	1
0.3584356182389457	0.3350521348335854	1
-0.08984807241576609	-0.3923628729183764	1
-0.19798460625158593	-0.9466772214205147	0
-0.2656153156879363	0.9572191850553193	0
-0.4584383093345518	0.06881479248888037	1
0.3210152092227331	0.2940985082780064	1
-0.4941824339951599	-0.17588043134129863	1
-0.6631198637123096	-0.753994772707383	0
-0.03184185650817703	-0.9122823156992756	0
-0.9657896017881317	0.050776207023140035	0
0.41130636242665003	0.26720167712256426	1
0.2594223454949551	0.2727436134999624	1
-0.34923936562294605	-1.0308067358856103	0
-0.4850713469532984	-0.005204991281109798	1
0.9387064088450986	-0.02820145899930018	0
-0.3882348173207217	0.30494166739504913	1
0.11635425459177477	0.4336466149373074	1
0.9486745036482743	-0.46385690766659343	0
0.34650560561606236	0.27690302059566385	1
-0.24735990273456396	-0.3399761000198921	1
-0.47604741016774704	-0.34365770748251423	1
0.018392525371208446	0.5472289361743488	1
-0.3488436617115691	-0.3016239845909543	1
-0.4518025434797352	0.9178926040295788	0
0.8405196165409293	0.5650728184169461	0
-0.18345256694355389	0.36873823330968225	1
0.2728617561981787	0.971783836813395	0
0.23532751222196668	0.38190121321133047	1
0.5627241684023048	-0.8283792487740744	0
-0.03600304051801702	1.0415287714760062	0
0.448932706427131	-0.130591908214892	1
-0.32200354942693066	-0.3622455551926615	1
0.11613899974009652	-0.5137811562231148	1
-0.5082347369501664	-0.09404785028948293	1
-0.13903332410715652	-0.5107523646835744	1
0.02018960825752277	0.4332113977708514	1
-0.6369124305061937	0.7791193731956033	0
-0.08778063537090028	1.0372455559949023	0
-0.036192800320986415	-1.0975934748517155	0
0.9452600584462104	0.24837071065636213	0
0.5748056361430214	-0.8560390966385898	0
-0.3799010908853602	-0.15949488538009104	1
-0.43586773782194815	0.10788915166713937	1
0.29762436281652926	-0.5033233131215784	1
-0.36614515741420284	-0.865450812808606	0
-0.4249852125990695	-0.053062104889586556	1
0.10193468805042363	-0.4667139167135568	1
1.1165853225335616	0.07743134438660501	0
0.6766413676747305	0.6845507576224451	0
0.5262205721978274	-0.9089903096119356	0
-0.7010090710408421	0.8247437345592035	0
-0.256923169969596	0.9189708706676312	0
-0.2972467184694749	-0.9773316982620331	0
0.5842058174257643	0.14668644412631998	1
-0.011378262212821663	-0.5374021878344301	1
0.5351339139412331	0.06982669280457551	1
-0.6636879197894676	0.8014422038456508	0
-0.022981329493037092	-0.4509148874446784	1
-0.268737458175545	-0.37457217250601405	1
0.05520148506356614	0.36461512335944346	1
0.12360942474439109	0.9484503479019464	0
-0.38206555388795216	0.1949618864138733	1
-0.21395131083741947	0.5375475145849815	1
-0.5198976375435922	0.7823970636000843	0
-0.48346798539742425	0.24116354355918024	1
-0.17304062394023073	-0.5087430674697745	1
-0.8115742341360196	-0.5917107768208819	0
-0.45970075822205037	0.2144755403524861	1
0.5087551298131734	-0.18975738522712732	1
-0.8830447924406201	0.23349915858410036	0
0.9488439655906165	0.4798717753559799	0
1.0626656213103316	-0.0141251389300419	0
-0.5068628310353969	0.32694578267880325	1
0.04634810757520398	1.076158024322753	0
-0.5373463436041876	-0.7933506234811699	0
0.8101090099095208	0.6080789723787223	0
0.5266911324071087	-0.10030339521253746	1
-0.5145326955581699	-0.2603989206463699	1
-0.18176212620701987	-0.3753158369671939	1
-0.8535879996785548	-0.40474884264211813	0
0.5987103298738528	0.6891309474382661	0
-0.11148192820975088	0.46950591027698496	1
0.49402595113321873	-0.009521615834441298	1
-0.0464329530588673	-0.5511949354060138	1
-0.39327301573366125	-0.2945633287383495	1
-0.20709178877770726	-0.5079304387476054	1
0.6768106156421805	-0.8188753092923938	0
-0.4309741730653237	-0.8906557965560525	0
0.6516338385448563	0.7525454218292763	0
0.49344848805142744	0.051985485076829624	1
-0.34317127188888435	-0.41303764806094756	1
0.913881804204506	0.062175234273542684	0
-1.0910134465151822	0.05461642363157957	0
0.5506986399893554	-0.844967239965786	0
0.886149093596962	-0.4086726897442847	0
-0.7263092923021688	-0.7502728733579508	0
0.08172287295738165	-0.59503416783934	1
0.8591820637287924	-0.378452235133595	0
-0.3216514542586709	-0.4412115724496786	1
0.36427121717889194	-0.49470246459133904	1
-0.8603798035831769	0.507056721757104	0
0.5280661274150211	-0.12966089391394114	1
-0.5857281296840251	0.9321758343421794	0
-0.2601997281423716	0.3431400273953123	1
0.5603126082791012	0.7330225560052662	0
-0.6544957518743829	0.8310999393664988	0
-0.4167016480482429	0.9784020947171865	0
0.10999010256428274	-0.5095246761654458	1
-0.8556033434749977	-0.5204467501163101	0
-0.3911014544635739	-0.28622087732684126	1
-0.17831249265695523	1.0616727292075598	0
-0.13388673697372996	-0.3794482493352017	1
0.40179208300256314	-0.19762129186518979	1
0.3391306362831019	0.08856616948758006	1
-0.748411547542798	0.5929273778132769	0
-0.6039428350092763	-0.08901185245009247	1
-0.911133368404832	0.1906742740030438	0
-0.4097672207089586	0.10397738564031936	1
0.049311806284399747	0.4990901940445948	1
-1.0329886081180988	-0.01926292888959708	0
-0.9809272224887865	-0.1617561095625204	0
0.4876704020260853	0.09959418693773173	1
0.8751900467719462	-0.5615863691756477	0
-0.466029630139318	-0.32591368331969917	1
-1.0654209950543236	-0.3814142916560954	0
0.18030106774828092	-0.4513202684273908	1
-0.22438414075111537	0.4287747226557863	1
-0.3702809194236561	-0.4099496826208718	1
0.4001886440007846	0.3930850691522958	1
0.8586077793417851	-0.32680674969141815	0
0.5282151124020021	0.9531978401019802	0
-0.6198926387505522	0.8105388838478574	0
0.9904886626311975	0.29561943323981116	0
0.5118938566196333	0.26692975073321523	1
0.3485739816195499	-0.3265816589666535	1
0.5092080222534462	-0.1614120282828717	1
-0.5257914567487207	0.010866822063198014	1
0.02361599607445742	-0.5273293414080955	1
-0.9216975973198096	0.4055611371306644	0
0.5992167794083596	-0.8435755043170005	0
0.29677792248380996	-0.5228087140255886	1
-0.34345132292835756	-0.2690878255133965	1
0.18397499022341382	-0.4227545522479428	1
-0.442825482924354	-0.08623483199880538	1
-0.9197009667580356	0.2863931621937371	0
-0.24253601168134098	0.5035946049242699	1
-0.35909506977224126	0.23919189250785391	1
0.245089502143086	-0.9594050134711695	0
0.8032205495406683	-0.7410405526060088	0
0.25759491562295483	-0.4635762034581611	1
0.3601290201626423	-0.8849875228474514	0
-0.02027640918580625	0.5639986988172727	1
-0.5194997828238785	0.22549073517239265	1
0.5247082637956811	0.03434810891895831	1
-0.92655236996366	-0.4946926826095663	0
-0.16959014299585295	0.5072918850295127	1
0.9014202745627071	-0.44949315928292477	0
-0.5610594074891735	0.8247264855191372	0
-0.27671169820232316	-0.3460080724679461	1
0.43590372929686483	-0.05539347877406574	1
0.2884102914511709	0.4514934670618338	1
-1.0017218893312967	0.24062531877042365	0
-0.0033182685360791248	0.3700694695651152	1
0.16633871058636157	0.42470563114362897	1
0.43651601548089664	-0.3769244938915794	1
-0.4346644692711781	-0.16304528113016545	1
-0.5757584669673325	-0.7721584658939386	0
-0.8886502436786786	-0.47525893196091773	0
-0.654847683500475	-0.8033461270339951	0
-0.7561544487085812	-0.6563226534730788	0
0.8220730884673889	-0.6204051701808224	0
0.32910479408532306	-0.3173875047038238	1
-0.479406598032198	-0.23507036124975275	1
-0.321152458302355	0.33279238731137867	1
-0.2787999124321112	0.4846024444071727	1
-0.11553657235357723	0.5651654149067842	1
-1.0489699636000422	0.3162232244935444	0
-0.38394985415705407	0.2399169992307107	1
0.26187701082093007	-0.9847916138000409	0
-0.30985091312482693	0.9925600716469288	0
0.8864897952496618	-0.40466813971018617	0
-0.16292746699196337	-0.9532390824314728	0
-0.19755195481959623	-1.0445641467200106	0
0.489974064817614	-0.8531026846103743	0
1.0734858348899132	-0.29728841880683343	0
0.25250526671590495	0.37416843296197555	1
-0.26446072293299305	0.4174815235791322	1
0.37606094190990824	0.09530009962542409	1
-0.41665406849271835	-0.346286710335726	1
-0.8330359413560067	0.22905366959635637	0
-0.7776469569468271	-0.43398611297515133	0
0.643939410827559	0.7979810646408483	0
0.5750904002324497	0.8173327388093102	0
0.35045895551993467	0.27625462625978053	1
0.016434095456829216	-1.0125862349185533	0
0.3564957824094526	0.4205565170312454	1
0.5902852512061768	-0.7303811664793474	0
0.9235488877181146	-0.3925732831228446	0
-0.2841309721878132	-0.48837045520098255	1
-0.20584837348033996	0.47513841106473964	1
0.08233350486498388	0.5276505612529744	1
0.11364740730281661	0.47226896181509065	1
-0.6423694298244623	-0.6490353908663181	0
-0.4039265993882034	-0.2024746540016576	1
-0.7522259744651302	-0.7456143533822209	0
0.5261435491455003	0.8791867981377677	0
0.7954069440739664	0.6045232492930306	0
0.5625779717394511	0.11875068153796647	1
-0.41471935834571527	-0.30580144462523673	1
-0.6796954499797151	-0.6882331539641003	0
-0.2572487525758363	-0.4615784978389129	1
-0.35765309821041025	-0.2137280003107725	1
-0.439291905613818	0.862629665861598	0
-1.0087195101968722	0.09168275053814631	0
-1.0728992877645414	0.005979142178745478	0
0.37376327781605445	-0.28048395700111	1
-0.4245548099088881	0.16671635814175334	1
-0.04278125349301606	-0.46504041683309977	1
0.9179802250695596	0.6770224979882454	0
0.43515183201738716	-0.9556366043838835	0
-0.9222453600255329	0.47812550650074714	0
0.3607338171320995	0.3029648823779958	1
1.0017840927335262	0.33113835259564217	0
0.6507986359020034	-0.9440644320957372	0
0.06428755615624286	-0.5167897562915128	1
0.9200256444977799	-0.20441479880262997	0
-0.18146203817331152	-1.0363757948922607	0
-0.3671432239333924	0.2486133538042507	1
-0.3894534445872024	-0.2758777655223919	1
0.4623577255426103	-0.17149088308997018	1
-0.3306354751858051	0.37132324677563544	1
0.40479803519339996	-0.27593123292064464	1
-0.3141619898621829	-0.3828481879857715	1
-0.38274349668708424	0.44096099974386316	1
0.1959446152214912	-0.9312119137660548	0
0.6933572360430202	-0.5986353839010301	0
-0.8013561864979315	-0.359196298744653	0
0.4603011320841593	-0.1378601113154397	1
-0.30480993545565854	0.4330199254333592	1
0.8417708912105929	0.4342229798898602	0
-0.9726154629848655	-0.05399396879316921	0
-0.9510310973246294	-0.04714803104642461	0
-0.6145704431396456	0.9083042703796504	0
0.20393738334622402	0.9127282072193381	0
-0.09997833416448618	0.5115348265273517	1
0.6401523705550847	0.7767802861561617	0
-0.09472765744350413	0.49560996779557076	1
0.425134293981371	0.07087853840121047	1
0.27748804981725517	0.23904385790759108	1
0.3112544390121154	-0.937325652144285	0
-1.071196942689357	-0.08297093362989763	0
0.2536687639122905	-0.46711167235779244	1
-0.3716019640252428	-0.1980766878925624	1
0.4377762532904425	0.7618861814316006	0
0.3765768693551585	-0.8769570414899429	0
0.4721852589170978	0.8515655011497213	0
-0.29577472151403666	0.31814873969980073	1
-0.4514479563279582	0.3129185161160312	1
-0.05208046041815312	-0.4630898071380869	1
-0.444449721698478	0.40441621579321385	1
0.32302229561868967	-0.40781522806820475	1
0.6366959704345914	0.6611878961946975	0
0.3201249838968456	0.8415129553864429	0
0.7370115748316142	0.77477587108071	0
-0.4269059255383544	0.19803455941603798	1
0.32202142427007613	-0.40965421991525214	1
-0.1121745562375816	0.5372401405649746	1
0.7989566982837709	-0.6334986815321332	0
0.29597612739771356	1.0098160817633388	0
-0.16004211996567075	0.9520766377012176	0
0.4637070634219118	-0.057964805932812224	1
0.9364162888744049	0.26049136216680613	0
0.2108269306279244	-1.019370856562672	0
0.11432717880574554	1.1129928951709165	0
-0.6352971524319349	-0.7816928084827773	0
0.9220719758608716	0.1636925329958855	0
0.2984910371928835	0.4990429558289613	1
0.494421043155569	-0.19843936637080342	1
0.3916291278540881	0.09770620670355405	1
0.6758161626212043	-0.7588201787773641	0
-0.5110016922954277	0.8824843127630875	0
0.4911075160673963	0.2519900811121923	1
-0.43521090970414095	0.1389918471353566	1
0.26389973573842124	0.928805148865282	0
-0.8559958949404475	0.46784590579272484	0
-0.07276217981617657	-0.47544239592906007	1
-0.3386413767841585	0.13821906426436653	1
0.415241184934235	-0.09755675959008855	1
0.7535571174399165	-0.7155663638712799	0
-0.07114792627216232	-1.1725609335810914	0
0.7334344193507316	-0.5213183229861034	0
-0.13099684149522126	0.9567079504045274	0
0.7621540987169303	0.42115644706946925	0
-0.39648571768817453	0.30682589554244893	1
0.37876725486294477	-0.9506981390712159	0
-0.915984693906123	-0.2218190849333225	0
-0.43218118811916706	-0.3088808165301295	1
-0.46704317520260114	-0.30090648970022654	1
0.8736703595358917	-0.4541040189257672	0
0.29127633830798305	-0.4278364498001849	1
0.20665327732834193	-0.44756748704595734	1
0.2775198220901128	-0.47544686319493534	1
0.5018727192260618	-0.9976677286273612	0
-0.520636294668656	-0.8601781611114379	0
0.07925189173570601	0.4695016324601554	1
-0.39721251843491245	-0.20682398077557013	1
0.19246563891417579	-0.4678219426060207	1
0.4942993007812198	-0.16170075591545185	1
-0.752220930790448	-0.782698876711579	0
-0.2370720363285227	-0.45725348714818786	1
-0.266254343484119	-0.4153830077997025	1
-0.5139507122805813	0.2171134090281597	1
-0.11044130273286173	-0.5879335979802787	1
0.27190830176955644	0.4583428007970554	1
0.24512461569673796	0.9794449916676176	0
-0.30508167778554107	-0.44848036907488686	1
0.5798635624349295	0.0894820056736099	1
0.3288875472794131	-0.47140107207282994	1
0.37912684895870413	-0.3688357244810271	1
-0.13799191653417894	-1.045903606015714	0
0.5596125497783182	-0.08699705982918175	1
-0.30845027383130824	-0.8805368423111389	0
0.5005455246919366	0.2014834806997564	1
0.4945359777793282	-0.26893509721816944	1
0.05010765350760372	-0.4953619811424643	1
0.2207152012737254	0.999850518771928	0
0.4947639053987558	0.027622157144258117	1
1.0144318266813286	-0.04483161505656656	0
0.9302630026420511	0.40224617923605027	0
0.9590441434737923	0.1973664668668713	0
-0.44680099497409287	0.21091186960802588	1
0.1554723235036789	0.9493724673051313	0
0.37231303323727133	-0.8618868826430808	0
-0.12874292642309132	-0.9237342574550144	0
0.1879536855684814	0.5680522227130306	1
-0.44426814500994205	0.36985346382050377	1
0.7534382057658592	0.5951337698660084	0
0.5442077227084603	0.9273562670445019	0
0.41843216148623236	-0.1846566721729198	1
0.2707454508405494	0.8998968802853298	0
-0.4905671168056872	0.08659973453453612	1
-0.4164553381104661	-0.25373994384642484	1
-0.15467658084171704	0.923530298204022	0
1.0311628758499185	0.23343302027571916	0
-0.9051132089454524	-0.3832327940160057	0
0.03652115296238123	-0.4546174798969262	1
-0.22351059095308928	-0.47263226038589484	1
-0.9764015293940429	-0.1715771431612811	0
-0.31220206730386857	0.9215866542729498	0
-1.0294841639134138	0.12310205029942999	0
-0.350775376814218	0.4906160506657273	1
0.7481256709174425	0.7689634674076768	0
0.4403142100969669	-0.04472328559670787	1
-0.5947682319884796	-0.16820207796300854	1
-0.023749808803411057	0.47472414092954807	1
1.0060464780976321	-0.4306329722426203	0
-0.48105707110200696	-0.8576635558076902	0
-0.3650149599467365	-0.4051189015570806	1
-0.528158523359432	0.18071214698306856	1
0.3945123430144251	0.4026856491995375	1
0.8154204946344626	-0.5580172016894178	0
0.9355241288530209	-0.2618930451294076	0
-0.4853139959529115	-0.01194540913761169	1
1.0144742382796095	0.08781378389771238	0
0.33914153282742027	0.35683573920171474	1
0.6186296471758228	0.7240162129021404	0
0.8597405556647365	-0.34100065094155624	0
0.21610084499139612	0.4510093615664032	1
-0.5137234355930598	-0.15774954929339996	1
-0.31003326133064635	-0.971524374823366	0
0.5366760926056797	-0.8440660172141928	0
-0.2887092804957201	-0.3272464660751405	1
0.7263334648898909	-0.5938938135459269	0
-0.44950463885461167	0.06234409737983348	1
-0.7514401455585028	-0.5716286016373476	0
0.5025263278794871	0.052253469839637835	1
0.6260308256843723	0.7538631178677685	0
-0.11793241440538517	-0.9639638415689313	0
-0.12533893914097996	0.40050210918289747	1
0.5580614138751657	-0.04596748655459651	1
-0.39118870288798085	0.8521476784420359	0
0.4833125468924709	1.0187623138386093	0
-0.164598903750113	0.4799329803431185	1
-0.8936480030812116	0.32579833855778934	0
-0.4407187955110519	0.2563894241510404	1
-0.8297224259864855	-0.6997705980452245	0
0.43903325006982763	0.21346412438939338	1
-0.3447868785670926	0.30868600641312705	1
-0.2156124023815213	0.9277909043307119	0
-0.16039152017679356	0.39822949780724853	1
0.031823324178370936	0.5340779613922709	1
0.7975685478444378	0.4852516693770519	0
-0.5985892993190978	-0.08721611782349356	1
0.4048822695389588	-0.40927597591266585	1
-0.6153344093413171	-0.7495682422195479	0
-0.145435175996704	0.4575142805048345	1
-0.20661944231337437	0.9264664618118704	0
-0.4536225545839908	-0.3192425431831851	1
-0.991269165653057	0.004861458993315859	0
-0.9718197427381334	0.3236385414901428	0
0.17336776213951227	0.49221087235297417	1
-0.4051341109273353	0.21092057373935305	1
0.3562013229135855	-0.3348757184162272	1
0.29235855467472704	0.5003291586561436	1
-0.10098782329441633	1.0437079732334664	0
0.23588079266552217	-0.9462109386893673	0
0.27860763120058507	0.38057145385829005	1
0.18786799547178426	0.5786170823712132	1
0.9243868749453313	0.19035032879659472	0
0.4224950501501647	0.2571920644075167	1
-0.4775264907848321	0.9236461052050751	0
0.05908779100497409	-1.108422238587984	0
1.0517263282133262	0.16718890313130141	0
0.7253888806514475	-0.6953511892609242	0
0.4823907745805901	0.19966805945719757	1
0.8844767957004719	0.5065614193325619	0
0.1299669600521299	-0.9079052274071205	0
0.5098139360863407	0.34349865928918955	1
0.4469409141524561	-0.1493756864543213	1
0.5155976688111548	0.24005229744271095	1
0.5402845475451987	0.3194147908693188	1
0.11735220161114265	-1.0313007564404644	0
-0.5597546198613903	0.18953802606599318	1
-0.9683410466413064	-0.49623204121323494	0
0.2607650292586833	1.0439116744580976	0
0.1771472019983459	0.5158682061838966	1
-0.02724774326838228	-1.0014856274986772	0
-0.8940663186946189	-0.5850289530664387	0
0.8436402119741199	0.6748109713052185	0
-0.06618493861356117	-1.011408984786598	0
0.8415794130814251	-0.37870247669417445	0
-0.30921473084593293	-0.22487839323974224	1
0.9128819492703727	0.5861537038799413	0
-0.7160899087341313	0.7298262476252472	0
0.6711898303833228	0.6994795262221126	0
-0.18004709286753978	-0.4317199118115705	1
0.9925572315588452	0.04789985733697863	0
-0.5261438592034399	0.38212233538175794	1
0.44979281838068913	-0.2957078268295137	1
-1.028900616551415	-0.3546248260121524	0
-0.7464718466493853	0.7071025225889761	0
-0.5002758890491177	-0.15565230328920998	1
-0.8253679397708731	0.7150078956043957	0
0.31799608576955907	0.9858924482214124	0
0.9351645931256427	-0.4320082611565672	0
-0.5755389940931757	0.7930650891234838	0
1.0131915519200916	-0.1935741716101252	0
-0.5185294941300385	-0.19993642560944416	1
-0.35052957043998395	-0.2531129952890613	1
-0.7886350936895296	0.6686384352881106	0
0.41998628487180406	-1.003635205450412	0
-0.24735904793866131	0.3384209698235307	1
-0.09566516325546655	-0.4760625907655153	1
0.006935595014118494	0.9557781505152994	0
-0.4058450874122035	-0.38380207420367873	1
0.11539824007641855	0.4267429547191413	1
0.38953859353908177	0.36939187449925387	1
-0.44306317737578865	0.06606358936649595	1
-0.1522649948304528	-0.4008379587277203	1
0.4452520145181716	0.8709678374415246	0
-0.2747159221772256	-0.28821072683530896	1
-0.18152267759445395	0.45768685741080506	1
-0.869360456393106	-0.33904373540758037	0
0.3448030525651859	-0.3634997724684931	1
-0.7118705959714206	0.7554037858502398	0
0.842406908154514	-0.542125549427723	0
-0.18872275753374718	-0.9646205727195751	0
0.3485655830177712	-1.0225962696309112	0
1.0232360661832167	-0.3105924812275295	0
-0.023244681890643527	0.4910925761490753	1
-0.2827282949727182	-0.4957112459510274	1
0.24094022865349368	0.3977291013198761	1
0.42009845015985836	-0.4139331498390329	1
0.13247447705879425	0.4430189093703059	1
0.7504103480890247	-0.8180851145077079	0
1.0094793820880834	-0.10321087434350443	0
0.36550391867104703	0.4241535228247949	1
0.5772490672033115	-0.21757281813801152	1
0.4179723784283479	0.18338085674881136	1
0.9899631543565058	-0.3511066778699253	0
0.20713756445170461	-0.9147751795455542	0
-0.46567440798734566	0.9693332403709027	0
0.32546153873089473	0.8980995730993058	0
0.822461645757418	0.4731857147227976	0
-0.6509603919684233	-0.6853065369393739	0
0.8778484608716498	-0.5836108817282102	0
-0.41706799004470485	-0.3020478209112303	1
-0.671556765798399	-0.6653189389326403	0
-0.8056094847859965	0.5809003825082393	0
0.7689735054399153	0.5363791714822402	0
0.4424565964702693	0.29868479023187017	1
-1.0038888961044217	0.41326175175541024	0
0.13854893946107427	-0.9803043937661752	0
0.3693154703822035	0.34918289655534107	1
0.3838137633730909	-0.30614812154393	1
-0.3404312504055123	0.988177516977893	0
0.9189003693049684	0.2931556003657305	0
-0.3617880849557926	0.410990400549667	1
0.005262005505722561	1.0284926450399072	0
0.6917599716184344	-0.6675207141416049	0
0.49901607550900695	-0.09484125355776886	1
-0.3981771301851347	0.11895935002753392	1
0.5221926057227173	0.11749185960974137	1
-0.28576771679969126	-0.2917059876592837	1
-0.7649290718961076	0.7296124563249272	0
-0.42770516803861824	0.898261537721471	0
-0.04348067716213626	0.9721643507404186	0
0.0239504577645704	-0.9078106867926121	0
-0.47522775969060993	-0.11224006109314921	1
-0.44529477348807284	-0.045393037739497016	1
0.30337505493619454	-0.14766360037772533	1
0.41209514055319535	0.26428186495769634	1
0.5083903161818167	-0.2794798413805864	1
0.60016585720267	0.6681170963340165	0
0.3150733098333719	-1.0480483739103286	0
1.0239399080404286	0.2105569599930043	0
0.15135109977544836	0.4953489187252384	1
0.6583804427877893	-0.6942870742706235	0
-0.4946497443049734	0.09971662115991413	1
-0.9901678260940319	0.037239033578307906	0
-0.41652366058452095	-0.8877328411060682	0
0.6098344447547978	0.9095819471782555	0
-0.029920268652177562	0.9776844255263308	0
-0.24525222241601913	-1.0147723837624518	0
-1.0211184788188872	-0.2310256369603086	0
-0.9894341352148585	-0.2362861787642304	0
-0.6698798761400897	-0.8422141594379361	0
-0.2550051931766479	-0.837158350264166	0
-0.10781888408128872	0.5164484177832844	1
-0.08568352512680587	0.49305781271300303	1
-0.8153289805556545	0.5079382970694143	0
0.9235265397345639	-0.517160229940709	0
0.2560550446064962	0.4761785170556773	1
-0.6220940334794682	-0.8933435626232059	0
0.37269867758192365	-0.871472765904996	0
0.5137808307850639	-0.16619112133346475	1
0.22368370645324337	0.48128524665958866	1
0.7424784953103312	0.6198630491237374	0
0.6413345925658732	-0.7564501084074345	0
-0.9656731597255717	0.2897673554610988	0
-0.5585591414066932	0.23067148421084588	1
0.3573285874230889	-0.26833669224020695	1
-0.06883990119299431	-0.3944610559245025	1
-0.07783821286939148	-0.9896968893548501	0
0.9398647233679244	-0.18654686389888148	0
0.6704596413434546	0.6226615684337642	0
0.5794212490564382	-0.2178749949244348	1
0.233781797951549	-1.1027592448470214	0
1.0458782211253628	0.4360786614988958	0
0.6168202995064276	-0.752701064432222	0
-1.0075005550161582	-0.20489605746446046	0
-0.1677932357303023	-0.5175037234521198	1
0.49044422307436486	-0.8187766301096167	0
-0.31096789555956156	-0.2955740762893843	1
0.47334494108002484	0.913000801416563	0
0.872860861195173	0.47556997098812265	0
-1.0413113379836891	-0.3487218094052077	0
-0.5949840316122899	0.01806813605599012	1
-0.12950193390736925	-0.8995823758651217	0
-0.40824794320317714	0.9212342378220435	0
-0.3689181598731632	0.2048219348658546	1
-0.8010407583488031	-0.7179837179326687	0
-0.5668356272313563	-0.021597032617708782	1
0.45347395160429743	0.23237885446557394	1
-0.7755853954333787	-0.5717008064592352	0
0.3469130424623212	-0.5056764913129481	1
-0.03364165316303695	-0.6385300347305543	1
-0.17774725530588126	1.0547136828456571	0
0.0016951831461991078	-0.4604035206200996	1
0.4863182860490256	0.1171752353562845	1
-0.46156570575786193	0.4512850082282058	1
-0.030603258006123554	-0.5753882852239731	1
-0.03622629219165435	-0.9646818370034166	0
0.5024820227316006	-0.8777330321711935	0
0.19202818568559032	0.4545170273631247	1
-0.3372068505780883	-0.36650926485646246	1
-0.8957172115796361	-0.4396908755580971	0
-0.35554044932565393	-0.7975863479620495	0
