X1	X2	X3	X4	X5	X6	X7	X8	X9	X10
0.4891489025266892	1.4332713618472221	0.3911780838656763	0.9623724816709225	1.7326188864142598	2.4613607455339452	2.0643258690639668	-0.3516466421831108	1.3409513602767735	1.3445462160903514
0.05331736483167934	0.08236987048484398	-0.22450205730729994	0.3103412702791386	-0.0033611041563831262	0.308270075457112	0.16713202141821226	-0.9971476730103024	-0.3267654374955733	0.5568233728225351
0.22206019200073582	0.8374162614763652	0.5619434463043492	0.19512665506193597	1.1609340817762932	1.3343340907316263	1.2957276944804972	0.7915104078084411	1.3326087802819988	0.2253601255006291
0.09522689362886251	0.90303778577085	0.8212792601900113	-0.10614025200329374	1.381440093290389	1.793115027937713	1.9931171233541425	0.38108185154830687	1.8056155217830532	0.18344443402577446
0.060110067006480826	0.4472871626923494	0.029956783446210417	0.31687814917498053	0.5355008739824555	1.2469457182363122	1.194384264229958	-1.5781347881144816	0.2816579592073069	0.8973485476558075
0.15939086659439997	0.07752504471216318	-0.18549839740862614	0.3516551149846066	-0.028821933945996393	-0.18434483569427396	-0.43151084665992345	0.37478472840631416	-0.2805057678064992	0.14606639109120967
0.42991759626377407	1.2545337259633373	0.5795251919811547	0.6175164129714836	1.6069242834991886	1.8881278929471876	1.6247895344420826	0.9114081508527128	1.5579291528579964	0.6403137639246433
-0.006270510464191434	-0.04996222094020701	-0.029207847668291546	-0.0103830821444496	-0.06987927608318319	-0.11284490983098003	-0.116876186539755	0.05020593358882291	-0.07344921352732331	-0.043583159107182835
-0.6537999098398085	-1.3738310697466707	-0.12690372066001046	-1.3016337401062257	-1.505418997471269	-1.8745072659394624	-1.1942953129405256	-0.41044856305234156	-0.8581515217462783	-1.3024138606663447
-0.19697213433326927	-0.3798369003182647	-0.13747447530725224	-0.27469852615973916	-0.45021150073847704	-0.3401648716830279	-0.17095267372072115	-0.8071863087214368	-0.4010621749875911	-0.08312882445009159
-0.5118646905641828	-1.176782809112767	-0.44057580017679326	-0.7612332653057329	-1.4324638102848901	-1.439897221194284	-1.0324247757757528	-1.5095302884333126	-1.2796324906846637	-0.5131294817867563
0.5138722683781137	1.5717153680516578	0.7378868357421877	0.7432763387885672	2.0257962694403147	2.4536695626735274	2.1560804557680724	0.9338262124095628	1.974364882467033	0.8482063145706321
0.3436694711270208	0.8794418727242487	0.15997031910086432	0.7004222001145748	1.0182429355440952	1.4198238572757351	1.0978000374210588	-0.1494463009223376	0.6871168927251525	0.8767550545946848
-0.28063167737513983	-0.5603140358952837	-0.05110800961439953	-0.5422642905671373	-0.6091813234719354	-0.7080889305088616	-0.4145932784697572	-0.31552378879274595	-0.3470495366309921	-0.49165126771543094
0.5947550508533774	1.555412306812396	0.720193534113133	0.8115957863735372	1.9728656637862985	2.0868655174417627	1.691057100441426	1.8070062905560555	1.9259365565320807	0.6091347370377498
0.8009933055825335	1.8036699727780985	0.36533712347135666	1.4750938711807606	2.071324731669643	2.478318401283772	1.7224939977040323	0.9233265897377612	1.4565981850827059	1.432775171815067
-0.051656672150467216	0.38691693339220334	0.5834030529342843	-0.3375939980793158	0.7107902712616173	0.8931938767303735	1.167764986213414	0.33362132018409707	1.1614969594583906	-0.16911858225877566
0.6205467853238037	1.2096811430604035	0.01468676331440789	1.2732749545512423	1.2737161594857447	1.573217709208404	0.8881838509370107	0.35612285209554506	0.5921950783318671	1.2327408979977719
0.06420179048594625	0.41853370255242023	0.5826594891496062	-0.22643815960870067	0.7112102931636709	0.5283543370571674	0.671745317209431	1.4163033368384499	1.1616566605641743	-0.42650834498646434
0.34325802028140245	0.6610842947416725	0.29482945386578985	0.4254322291386564	0.8047350057949796	0.5295405345938834	0.2547337317058023	1.6908092457782515	0.7880468053362499	0.01888375510472939
0.033653813469345026	-0.5696951435899356	-0.5053662117739075	0.12704299775447567	-0.8971260581851289	-1.52817925759463	-1.7558904031921878	0.8391856578957121	-1.131118953690834	-0.41910714316904646
0.18222822194596094	0.6367756731043207	0.39936149956200506	0.18533870237336053	0.8677094289366891	0.9905135639624693	0.9358532059176856	0.6052772827101535	0.9662096479918413	0.19477474371618925
-0.7200482575810856	-1.4667359622460998	-0.4309503233602996	-1.1247873842181542	-1.7133721553866752	-1.5884309706014261	-0.9446492880384112	-2.1721134900763883	-1.3922176203550578	-0.6637875334347488
-0.23422333973584628	-0.6769022358049638	-0.20667784330222808	-0.4360580330965834	-0.8256449543931799	-1.1253698473892828	-0.9421957434499886	0.02032231440101294	-0.6684257552483907	-0.5764411689475433
-0.11311762455141282	0.42842638784697296	0.6649987319974009	-0.4350450944919343	0.8125402108177364	1.196773973570946	1.5710519060316668	-0.1399934410565978	1.324490609391104	-0.06590290333166889
0.03878908348207511	-0.34114108872020693	-0.4246081949724991	0.2068086129861492	-0.5900660088115216	-0.8579860507222967	-1.0597910154628147	0.08699841893641035	-0.8776236439808405	-0.03224989838034303
0.337156575323226	0.8155971561221832	0.3312518533315382	0.48931495561067356	1.0084676474723304	1.041597503460442	0.7885429214508466	0.9866492905117775	0.9312534516982899	0.34920905182854745
0.15687917111962013	-0.09239670342829365	-0.9168501615380849	0.9337448338872819	-0.5150117446923802	0.045445963343521	-0.4664549561509804	-2.4491738567916563	-1.5574990076828805	1.3589375630295082
0.46561598869302495	1.3209457150361785	0.32657921830584014	0.9307388915003284	1.5789963049642652	2.2450555766551314	1.850033158987443	-0.33556016332944966	1.1788286061635556	1.2718361477813922
-0.019939172225137754	0.43056695672554623	0.5454615800019142	-0.24776187735171815	0.7389594676730232	0.9538801264364077	1.1791860232589915	0.25277411502289704	1.1192318920629014	-0.06576969666289269
0.02006251359641221	0.026235675898376918	-0.09795714018635453	0.12645365267328448	-0.012218403336229271	0.11449598410518141	0.0564389144783144	-0.4181030520172841	-0.14737831323902104	0.2275954513332657
0.058552394755630954	0.04757627265299083	-0.32634523283070915	0.3882598026920588	-0.0864106323907481	0.2794863311308261	0.0950414589026774	-1.2706631089407125	-0.5113505086965487	0.6809570905972779
0.1489680153584862	0.14928739245434225	0.004462356352914999	0.2104023676424567	0.1346408254557552	-0.10455772846076643	-0.270129727007393	0.8412878122449642	0.0675786864575225	-0.06603500344335976
-0.09742885103514068	-0.7486251869724224	-0.5394573954138558	-0.06113302471722844	-1.0849776261229243	-1.5654295124793944	-1.658904548487448	0.199424763959633	-1.2651411768122374	-0.4147141204476557
-0.22769588746187472	-0.6879855265200757	-0.42894089210093284	-0.22641459274069364	-0.9264866755175298	-0.9470231279802015	-0.8521417373982115	-0.974809618448813	-1.035627126818312	-0.12578408696891077
0.3932601969637742	0.8805811818282606	0.170299820570725	0.7295546333795548	1.0074449036751714	1.2097656276126572	0.835334456225744	0.43382374969002613	0.697763704103951	0.7111174203322425
-0.031223860635666206	0.4080285345589857	0.6443384180152535	-0.36585444368149356	0.7531661726382137	0.8151159352982953	1.0889085091704516	0.7509149708743674	1.2689067968735985	-0.31173287799286964
-0.03289345980469899	0.29107265991968784	0.3772422328303075	-0.19056352805438748	0.5091325250081292	0.7148978913871958	0.8922896215749465	0.003636561621608562	0.7730314229682644	-0.0065844754033828785
0.32509348310987657	0.6443698910625978	0.1495850609786097	0.538806826765255	0.7346283882822853	0.7054498858994112	0.39825486384366005	0.8480103999493622	0.5460167602706106	0.354986687094988
0.10867038582225284	0.13968813264738678	-0.0641441056293754	0.23836772507973653	0.10978053111939112	0.10233969414102206	-0.04262076379584529	0.1087648033889772	-0.043369460259535635	0.18137119672091911
-0.07663155265886366	-0.5167482349962104	-0.4583481242844647	0.03259187781678385	-0.7788434206966529	-0.9482932707832249	-1.033441039561274	-0.3990541096465734	-1.0114048148120447	-0.06608948226043437
-0.4951917806338368	-1.5701832214881035	-0.8397206881113864	-0.6307102599582459	-2.0690733974877658	-2.413533483508361	-2.1741012461588056	-1.255028969603445	-2.1411641604922123	-0.6708730615953935
0.21143725061392485	-0.09069698132422274	-0.5510822185519398	0.6280163817143848	-0.3904200493913837	-0.5713099666443393	-1.0120513501542865	-0.016310617707275096	-0.9709739366866268	0.3836768269796587
0.9421827033974973	2.505165494202053	0.7255612067634662	1.7094159015246837	3.0160365008773646	3.9000040005272285	3.122452101866105	0.5416198045601677	2.3998177641188736	2.0006290788138728
0.3110144671489635	0.5893730288192768	0.13422969147529698	0.5058237610690697	0.6664857016115492	0.5922129391988188	0.2948142719455257	0.9105525421204684	0.49336758232959244	0.29041614466755183
-0.12555364092998028	-0.39819381209216553	-0.18081536219702893	-0.1905815153317023	-0.5123939283187298	-0.6472764225062755	-0.5749061167148432	-0.1553667935221297	-0.49089750528389725	-0.24221706589133837
0.289310996065834	0.2710956197575298	-0.23257738576873002	0.6261567999261979	0.14606825706959922	-0.0037404805851728095	-0.4131760281563722	0.5132493329753971	-0.27002603182106616	0.3643106918994534
-0.36047446706255437	-0.6211611649958061	-0.0809734378690434	-0.6160083316518316	-0.6685893569317568	-0.5566724106334472	-0.18422148333547766	-1.0074853538865551	-0.41747418736355574	-0.3458123290571994
-0.5582351465169602	-1.7063211464443864	-0.7848368344456056	-0.8227011511672139	-2.1929451470343864	-2.6801102847588942	-2.3507301740029938	-0.9354207700699319	-2.117070554838793	-0.956214168697259
-0.02811725468859399	-0.13410345413699537	-0.10324001055868139	-0.012869973997721756	-0.193416847009229	-0.22962181978942509	-0.23668690915586177	-0.11319978504997091	-0.2358935100491005	-0.028219570437607013
-1.2274383488000888	-2.878653625353774	-0.6822122283560071	-2.2204104554260113	-3.3604379683861363	-4.0552828310069	-2.9427282030500437	-1.4235935826602035	-2.4923461346030424	-2.2139264914420274
-0.19879444378992064	-0.1805400655580824	0.3699929970408513	-0.6269137116166115	-0.01278089322072608	-0.20748159306500907	0.1503064514546391	0.6804650993744794	0.5293917081175121	-0.7066840374459986
-0.053590318629429416	-0.1999613668326551	-0.0167514701103544	-0.15905106556993986	-0.2319879239871179	-0.4445958206310951	-0.3920544599841803	0.3991607342680941	-0.1277448603073443	-0.31530067711320425
-0.5015919608628387	-1.326494120408017	-0.3098472610768382	-0.9781405646513668	-1.5676096725080333	-2.1352355338360574	-1.6934377438962287	0.06015427894222098	-1.1498237077502247	-1.2180014325855846
-0.2940251248083677	-0.5579683844891754	0.0821977732380408	-0.6781839994283525	-0.5508419609002932	-0.7909896814291177	-0.43384699085649486	0.20156800871270092	-0.12785138356938602	-0.7451204244692654
0.33566555187972313	1.0651705401945555	0.792281440708592	0.21527610852896523	1.4890796967808433	1.3951103691716957	1.3138995539213396	1.9752777782414892	1.813490828107103	-0.04303638633357887
-0.6909188888564992	-1.4349841365918847	-0.16545933314014274	-1.3343613170730408	-1.5824407605265414	-1.889236380896491	-1.1816259504523448	-0.6820688018112145	-0.9486144278941072	-1.2631446083335593
-0.6285452060845598	-1.462615089448064	-0.636093893346597	-0.8558084415242552	-1.8168345512387296	-1.7242017058335437	-1.2585882645574737	-2.2412621177066354	-1.7349694478362951	-0.46185966306161125
-0.18950927892861003	-0.5449229902560445	-0.146460714593889	-0.37077497409397175	-0.6567138741168659	-0.9238152336245108	-0.7680351012650174	0.10684149700440446	-0.5056750530558378	-0.5058912024885447
-0.02737177440629393	-0.16939438925167713	-0.13136411084378544	-0.009067606656915497	-0.2473347831670627	-0.322291011042435	-0.34078860604000255	-0.059616331117119656	-0.30062315334210304	-0.05738545223646017
0.24858664305123906	0.23534114635499764	-0.36110692702728864	0.6934645918709508	0.06657785738233381	0.1811720886954842	-0.22921952483880903	-0.38793683275971014	-0.492171624796246	0.6805437541842746
-0.18697199230975572	-0.6102576732039052	-0.4327984114608902	-0.13936472656831472	-0.8467627043223364	-0.8441678395702449	-0.7960119348161203	-0.9670110116694305	-1.0054748092636911	-0.03831006248946575
-0.14877321508168645	-0.5981478889202407	-0.40233947552605437	-0.1308787712087381	-0.8327993294298144	-0.9922513767590704	-0.976168627541374	-0.4636352701649211	-0.9547345588439762	-0.18767666814511005
-0.041304679774361204	-0.5721752604203726	-0.4867119970346997	0.04981208552460545	-0.8685824373109113	-1.2506889535550552	-1.386737067532481	0.1350024649167524	-1.0920649437274443	-0.24746111062193574
-0.021524731432568462	-0.055655650293302605	-0.10456950900895481	0.045941579346197865	-0.10073675207469558	0.012408914381333966	-0.0017932936078356792	-0.46607653935063276	-0.19663329987285427	0.15549617736006538
0.16069197655404516	0.5162682221397404	0.6459460228909067	-0.14707554303130124	0.8228457279395482	0.398186145831493	0.4562945133433784	2.2613528712094078	1.3039047806736388	-0.6019744092470729
-0.3727809217632651	-1.3598681773838235	-0.8360245972006808	-0.39923485643927015	-1.8519148729597408	-2.2006109771970372	-2.096313783301076	-1.0300529034333903	-2.038318923192281	-0.5016886955486455
-0.03927720882436925	-0.044258977624354046	-0.10782472463437638	0.042984860005283995	-0.08235571551921314	0.1273773451640649	0.1322192019415323	-0.7354663350984822	-0.1933608115748096	0.24390449085649266
-1.0768303710574887	-2.7374357444370814	-1.0680295621223377	-1.6418398101432243	-3.38582668288692	-3.7676883599854234	-2.9644983139130225	-2.4966974777469946	-3.062075849375504	-1.4307865587643325
0.37101982480734674	0.7965528141870223	0.11627238533586444	0.7077566445958802	0.8918453095274066	1.0731274688713295	0.7033804616361746	0.36679303394471324	0.5678658978879614	0.6830951072338646
-0.024442246381002015	-0.09311377451752964	-0.41042807016895694	0.310411301643836	-0.26261894873922437	0.23073765975856755	0.10828421117559685	-1.8461687033490908	-0.7123080996375516	0.753907478872081
-0.3406599078554004	-0.7187529392258222	-0.14891937677892686	-0.6011838662492172	-0.8197017762927925	-0.8962209869923425	-0.5719228313222183	-0.6173138516779456	-0.5829459868736411	-0.5005377844111957
-0.07133885260268695	0.1585596173091927	0.2664747774335117	-0.20315009359268918	0.3181237390655011	0.5411304289109184	0.7204367620861167	-0.2679747268277665	0.5271902487253961	0.016401254939281105
-0.5615453041005507	-1.5911190387965408	-0.6429807318449764	-0.8835326075718447	-1.997456560090782	-2.4287002879343276	-2.0428165559650013	-0.8665448332875879	-1.8245101637694814	-0.9705892183386843
0.6760075127755595	1.7078486080951336	0.7135771850631317	0.9824776626286469	2.129129160288338	2.281877381358593	1.793207259618782	1.8421193256093107	1.9864204538206953	0.7744930778856461
-0.19925190369532522	-0.4769933817136485	0.08869505170849243	-0.5571795595812988	-0.48079620962063785	-0.9092528142738489	-0.6562623492461157	0.8298314325349077	-0.0864781067675985	-0.8310373738478697
0.1625833319276761	0.239877328190884	0.15296116777099142	0.13982089889986118	0.29725629458031133	-0.013504224709066747	-0.1395857487388893	1.2580809550589296	0.3553431353234196	-0.2076880254752198
-0.5491791585525294	-1.3938031126561363	-0.49104963550120484	-0.8869782791090557	-1.7034157795031801	-1.9723390354702603	-1.5431952776309739	-1.0139673513398852	-1.4734529469906548	-0.8440879299844588
0.25521305349214946	0.5681557448204742	0.27329961995960694	0.3159600164048113	0.7122062887941004	0.5959670782218303	0.4121033872034493	1.122959545489277	0.7149445561561244	0.08827474375185197
-0.5249141074510331	-0.9785958946484797	0.1456699573101397	-1.1979936880314364	-0.9625122158219757	-1.3511816054155334	-0.7137946129166819	0.26111724164173905	-0.2205391889291396	-1.2831295481445895
0.5715070538624444	0.90706341532458	-0.09021163058357667	1.1331664473258727	0.8816822085632757	0.85624954966551	0.18549964062354637	0.9048736189078366	0.2655631108274098	0.8398189759872428
-0.04787338823168644	0.3034868435410464	0.6057742928062729	-0.41181226059680737	0.6167478205070082	0.5687830624307088	0.8463343297110981	0.9318716359126424	1.1522584896025985	-0.44311335538034685
-0.15463850946193664	-0.29111579905117163	-0.149852428888533	-0.17092825315931648	-0.3609196319924911	-0.1970908287355258	-0.07941033462909793	-0.8835866776539144	-0.379012569053972	0.04675477224917411
-0.278590818668677	-1.0727495968405025	-0.6317257645662363	-0.32951115449426266	-1.455291300588952	-1.8296029027349698	-1.7547660593156926	-0.5042978779038766	-1.565007605293476	-0.5034143140135441
0.026719418977869485	0.6067869927884832	0.7414632467536404	-0.2809233897556227	1.0131017144086445	1.150014509914994	1.3955349958469814	0.81204706410235	1.5257175015897557	-0.19236811412145283
-0.7956504242154192	-1.38562015377791	-0.28886290431218703	-1.2643568143448227	-1.535684432863138	-1.1580830527369257	-0.3761790014530634	-2.703550290626551	-1.1078777921954615	-0.5536565034035562
0.762488483523445	2.083648858735934	0.8906721516845716	1.1315155980413734	2.625601890350868	3.0165280045193215	2.498162356756607	1.6746991706731973	2.4644992198626143	1.0824948642456127
-0.07389702997466874	-0.13115063732955118	0.11445428284480981	-0.25384777613949977	-0.09142954125635815	-0.2702939586156511	-0.1463484495022328	0.4769898901912884	0.12483037778347587	-0.37428901847754686
0.013162345683162428	-0.29704607310270453	-0.3497998642925571	0.14518203652278458	-0.4994430626323471	-0.6846147332356284	-0.8297439340280187	-0.04664865521472385	-0.7290910822091976	-0.012293942741899624
-0.16411508134699473	0.010145533842110276	0.3916815094429801	-0.49335183583571984	0.21598444262439026	0.2773707559101766	0.605736890598951	0.15085794265630836	0.6626984727143026	-0.3706570819491181
-0.4950972328181437	-1.2515738795265636	-0.47960699837903353	-0.7610922785849457	-1.5437849066762246	-1.7208281721321161	-1.347311041937692	-1.127386976786832	-1.3855174044624412	-0.6655664091291706
0.17280806082108177	0.6662936257273392	0.28247165429660304	0.3093228705728957	0.8618165970735412	1.2573708471875167	1.171202462952331	-0.2454017859036002	0.7938988994249044	0.5596075095420046
0.5992217474578388	1.412935815357897	0.4464187131727238	0.9809206179316331	1.6932580287115753	1.8818376542578565	1.379985405483388	1.2282195476611628	1.4046390603622254	0.846172702113515
0.3013609847732171	1.065365442092549	0.7337486269667195	0.24480111830053644	1.4780346875645787	1.599910788490617	1.5362858826533694	1.3065085365990783	1.7233451577171603	0.18920299233432
0.13260730949930633	0.7211579771388461	0.9721264278871018	-0.34285759198236637	1.206091782931724	0.8553189125886521	1.065918961385963	2.517372472367588	1.9470221313115728	-0.7280275160278465
0.7467829480459839	1.707082117787914	0.23945539939430568	1.4887986902936312	1.923310559709526	2.5079990458071517	1.7668261057483008	0.2132794911238746	1.2077627548789036	1.6274715089416545
-0.45665840421383014	-1.003351504004812	-0.23016519623832143	-0.8034163954979497	-1.158966946320846	-1.303945538927049	-0.8807326928565277	-0.7699241650739391	-0.8524479306458801	-0.7041896222276239
-0.5470705260279033	-0.6403970221269423	0.3677338055282679	-1.2007358268709944	-0.45912104469400117	-0.3499249632139367	0.39677908920801036	-0.6551156855118166	0.32487415205710357	-0.8532749980740709
0.7044305735792378	1.3278269464182622	-0.24348889482826092	1.6632240558101574	1.2909666562294522	1.9153635934620756	1.0426998671979286	-0.6708289651657908	0.2259930065756944	1.8666430339343232
-0.1348834185443315	-0.16295350818569043	0.094117960273473	-0.3027242705188564	-0.11802454321575187	-0.10730129688609559	0.07800476321799273	-0.11712600930117736	0.08296568345520706	-0.23101749646104597
-0.30648828330909583	-0.010338539754689348	0.6952660376037776	-0.9063900655727605	0.353878175564772	0.45768290440462417	1.0574497322098604	0.25436956810282174	1.1631084801179605	-0.685761173930877
-0.3449507821734078	-1.1004123249897013	-0.45281341395257113	-0.5698307344258402	-1.398685109889969	-1.8482069345751295	-1.6334607086515605	-0.1702998102806566	-1.2808833757918896	-0.7803180181692442
0.29538604425964465	0.3605306011053818	-0.0356615502009973	0.502804375436169	0.3283048830502214	0.06129410370108566	-0.282524093051412	1.0995557893449712	0.09663170061093834	0.13332382456203995
0.08101224951483603	0.4209002878696327	0.23461267107143444	0.12011521859372389	0.5751228620806331	0.8479606222633589	0.8458329799330118	-0.17561191344528426	0.5963919920061433	0.3101649827549553
-0.46491201842511737	-1.331075073619305	-0.5036885303232921	-0.7680198486135221	-1.6594644918492414	-2.088986927499723	-1.7592392246521875	-0.49920529663762125	-1.4715223243132887	-0.9028555321831968
0.6527752596462016	1.8189841757352534	0.4620380090649115	1.2788436476257234	2.175277583383826	3.0306101013524382	2.4779844114730407	-0.27398320172135493	1.6416995388593565	1.6897016489395527
-0.5888125500166207	-1.5215350952372262	-0.6787105983297537	-0.8239319652346865	-1.9177194111351559	-2.040942866375855	-1.6364369621834074	-1.7130298307714624	-1.8412170682711704	-0.6331182266568958
-0.834245750465416	-2.107492364433167	-0.7764669846143928	-1.3117149641724375	-2.587415121943985	-2.9293598790516024	-2.28844997659253	-1.7469471242801378	-2.282489896701827	-1.1888340749760298
0.20590232973102676	0.8339536416371087	0.24181687441611593	0.4857359732767947	1.039204067914447	1.7382887339226198	1.6015957803573844	-0.9851228089753846	0.8139291836543053	0.9812624330254602
0.8752485547376593	2.3733865044751115	0.9245397747827448	1.3798843491709452	2.9539952149562145	3.506771557862878	2.8759927300982926	1.5251161482288946	2.6604001122410734	1.4149156967244776
0.04039111615584623	0.7511364572232135	0.8715977019157196	-0.29799144451584597	1.2339883208658726	1.4442288033168997	1.723058826570133	0.8503744250453424	1.8126948257883153	-0.15593162083245393
-0.12476830102332512	0.19443968671206072	0.7124934312449719	-0.6458103098209567	0.5501894613617494	0.3945671843990526	0.7968776499413729	1.219601964815409	1.2768750592378633	-0.7349089516841546
0.004849619480279292	-0.41761506127763925	-0.6914977382315334	0.38410122751613157	-0.7743179022836315	-0.688505310159582	-0.9496626410827819	-1.2241794567881308	-1.346962370312357	0.47028915780157465
-1.0525177095715552	-1.8111326977767592	-0.08120414957483453	-1.9450015784378127	-1.8895323633897858	-1.7862909635023607	-0.6423604359961328	-2.169650447780336	-0.9659228972048446	-1.3510596935465087
-0.6085869415454588	-1.3927655225530993	-0.3264086164994085	-1.089131986496489	-1.619667567615948	-1.9058902508438411	-1.3496015001305346	-0.8296614289912018	-1.1979285786213603	-1.036200442785791
0.44162244486088287	1.15195348211109	0.3317726379104286	0.7942774064346452	1.3834260998900552	1.7611441666916183	1.3934349179172203	0.3303503955175013	1.0993565434289638	0.8995650484593011
0.1593171574828209	0.6668923029667597	0.46383347535352276	0.12631751648684034	0.9364961605271159	1.1164106831501293	1.1114480768858972	0.523131948232777	1.0900781134584046	0.19428184134813822
0.13477025792579272	0.3611572526478719	0.2903008747813547	0.06847563897627608	0.5063759170278433	0.36370038505523333	0.3202994966101734	1.006388493434221	0.6471767529022437	-0.1246015281549545
0.23350035597118488	0.6900718962843906	0.29551358588455173	0.3595646027886251	0.8759574768779328	1.0761838451789598	0.9262535809772543	0.35132568625314176	0.8196497028094928	0.41307884446408727
0.40747979676041046	1.3207174514432654	0.8631713009597303	0.3739023835231142	1.8034512766144957	1.895642301476585	1.7615008534012542	1.751600939704899	2.0565174823306474	0.2392761986116711
-0.4900435177023742	-0.9059053662620656	0.020764495938973733	-1.0033525825311125	-0.9334315040289204	-1.1093417780762087	-0.556098370924689	-0.3802547006448189	-0.38855802369940556	-0.9200890525153405
0.17238828957464034	-0.09613234928783296	-0.6244375546687686	0.6642589070015883	-0.41244794328702894	-0.35012780606426486	-0.7733549051660242	-0.7815061916570082	-1.0875445180857886	0.6486827631795032
0.10994831548038478	0.09347809055092207	-0.43222139994297226	0.5595709393227045	-0.08796709552962167	0.3416504722989946	0.060981583851130686	-1.4941812860157726	-0.6652034112162564	0.8845853545393044
-0.03900066608340456	0.20017976282492608	0.1329153018285189	-0.022983860581759503	0.30695041131911577	0.6968186344958628	0.7913822607807999	-0.815193371964563	0.328727330168483	0.3270202687929494
0.023934737130622417	-0.12655723442321903	-0.14008251388580192	0.06744312797992114	-0.21532242262707996	-0.3763553068692478	-0.4556944275056958	0.22389898720302892	-0.2986013939585783	-0.07902797285615022
0.6238488220635772	1.099844294081924	-0.2938055137357455	1.4966479056742308	1.0208384390448315	1.5221838287298444	0.7201455462472659	-0.5846998626322493	0.032373282807624984	1.6342314024573572
0.08561879447124603	0.16449983298028376	0.16448290083939024	0.01909765781734523	0.23512648140827683	0.03138449426598935	-0.004110201041550049	0.8840788947039729	0.3437905594773488	-0.2000875790880782
0.35722179373664337	1.4517582689859425	1.0468641142076516	0.24756655595378707	2.0495185517929593	2.3472173059652675	2.3381295928135524	1.4394614454398682	2.4318033555874026	0.3091918013525423
-0.3658207259458888	-0.844410391505997	-0.5587650443274326	-0.3136455350854154	-1.1214131725897425	-0.7741621599459524	-0.5716293892560637	-2.295100967601236	-1.3117639358183635	0.17117532195176452
0.7524483566425538	1.7507658518660945	0.4426288656401499	1.3285650916391973	2.0524799302818098	2.4118523325386745	1.7385605858003754	1.0703323515875454	1.559946616091242	1.2669838599171077
0.0047101500493947485	-0.5078606187398794	-0.9499117881796288	0.5701518585889773	-0.9830591423183573	-0.7133750538020867	-1.0692337946727206	-2.0531165207199895	-1.814563826500242	0.8196151482031219
0.03633212400632985	0.2851158101645888	0.2982656346862427	-0.0658501952378591	0.44906576715813895	0.49796538911827665	0.5681756837652935	0.3853639993258874	0.6324067607145424	-0.04776471250675563
0.34450272801621795	0.653114175200813	0.19480778002716975	0.5164756134561569	0.7562812629143499	0.6065461026862534	0.2938927721793031	1.2405274193126696	0.6214214181801193	0.21904293098459943
-0.4763022136862775	-0.9433397897534583	0.004308332610593743	-1.0020970120328099	-0.9897100639723804	-1.2751766379385092	-0.7438680622831862	-0.11547142169718516	-0.4372867657585633	-1.0189704674609976
-0.44823004071741757	-1.2582547528819037	-0.6290668680979434	-0.5868605035979532	-1.6244860534588137	-1.7718578472356452	-1.5058212370709452	-1.3406407814291614	-1.6377752179468923	-0.485096752913928
-0.3884189326998495	-0.6586210717980698	0.005730280545714648	-0.7453085105419759	-0.6717617360236284	-0.6649400931574183	-0.22971047406038592	-0.671951296740021	-0.29332655875527847	-0.5537062722006044
-0.3807699204334063	-0.6310411317526852	0.07724819691252693	-0.789191971300299	-0.61330431021377	-0.6802785988314896	-0.2274333252800913	-0.37397676268765256	-0.16354063742276037	-0.6660572842768078
0.5459716016880305	1.0164239102502959	-0.09299942287895911	1.1892779109959446	1.0218299980076115	1.3365855998896425	0.6948819264250973	0.03214109146487422	0.323480673899992	1.1998359168258812
-0.3029057200976595	-0.5199191829804599	0.043439249446854906	-0.6226107264065635	-0.5165758791826837	-0.5826013292544012	-0.2290917164662996	-0.2932738177630812	-0.16896505744069168	-0.5351938873423236
-0.29043993876157	-0.9245972265006591	-0.3938057216362347	-0.4665275147203069	-1.1801343355352631	-1.53587960002532	-1.3596094556635274	-0.21712343595228917	-1.0977784470190444	-0.6239867901858485
0.077539644317145	-0.25847166351107626	-0.3962417143258296	0.2649025776060052	-0.49133492861731687	-0.7654189896188215	-0.9999507526041463	0.21020143769782612	-0.7922964668308397	0.0014027441630938726
0.21808978418679628	0.41455727159431865	-0.23244372688584608	0.6670722289468649	0.3436522261183819	0.7763948570411687	0.44917131868584714	-1.0209736073040196	-0.18279532579626304	0.9386963513498727
0.1282645829067709	0.277064137117347	-0.017198571272650027	0.30055785882641933	0.28835782621623585	0.439452509683582	0.29078470425365255	-0.17264862246374246	0.10417647422359055	0.3690738421334183
1.3789074737164047	3.166844674298408	0.7554801804685283	2.4599963084455236	3.6894615925727905	4.339018827623967	3.0845080379068017	1.9008496795904328	2.74604915835248	2.3406203550052185
0.048697990947584396	0.75576957689425	0.6289618457940682	-0.057031822833189395	1.1438533385010736	1.6911560100237102	1.8724360080796665	-0.3122398735459209	1.4206995886220655	0.3752425100908505
0.055807178346464884	0.3356026331608872	0.15908978879817906	0.11568844405619029	0.45070147205008054	0.7425929335068865	0.7406817859799136	-0.3767767448109058	0.43136190367779703	0.33576620625257175
0.2828514557384853	0.43901991508054966	0.07016265356389383	0.44468319515930427	0.4683603324646525	0.264568537433895	-0.02577411990740995	1.0815913812926792	0.3122250737701737	0.13310803278499703
0.004531591580634456	0.010437577584279678	-0.45879496243998097	0.44813268776058185	-0.1647581100448562	0.5182988118257776	0.3465201392057892	-2.328319010053536	-0.7387979471956976	1.0414287530944373
0.36174285344395674	0.4919267400281476	-0.019366834873434505	0.6262785974874391	0.47263533933295265	0.22039876030230576	-0.19129918178225686	1.2012861502816816	0.18492920860490544	0.2373558646028635
-0.21791918108798772	-0.6582270102352915	-0.35676985353835206	-0.2678241579650236	-0.8658238418233039	-0.964340952993119	-0.85399405569312	-0.6620828739531083	-0.9038954715304802	-0.24028087322836114
-0.3063423594132735	-0.6172827381872626	0.01359160443625558	-0.6618987165088209	-0.6452291253987631	-0.8679743101218649	-0.5224302531764017	0.0366818417284203	-0.2693995440921548	-0.7065395855669763
0.22708540864497398	0.9790500983232358	0.5807110236294858	0.275814424712198	1.3386213747721374	1.7762885771935792	1.7402803341437338	0.18705350958595693	1.438740516074034	0.5297795605274448
0.6663092311332737	1.2451751277738377	0.10106534391478071	1.2498854795551353	1.3350831332036193	1.4128770830165338	0.7077695194384788	1.0999422659758449	0.7451815385506507	0.9955266847591754
-0.26485562904002946	-0.8142033217751918	-0.3586106107497526	-0.4065553603985673	-1.040804798848743	-1.3024222743838598	-1.1411954317268926	-0.34951646272542375	-0.9846455949476267	-0.496328026648973
0.027394533140085737	-0.06139999816955451	-0.24389502117458972	0.2127138786353574	-0.17708085625424003	-0.054884684863791805	-0.17519873061422636	-0.6108041557472302	-0.43223370721273224	0.3096280383433659
0.3396912088210579	0.6560395786711795	0.2210364559679322	0.48970288782910637	0.7714626756031399	0.6075307844935778	0.3098910982335815	1.305585219316115	0.6661733731658972	0.18183575239124278
-0.15476752877213742	-0.2830076216854943	-0.40284426721645666	0.07573189402853539	-0.4480570668707276	0.10747490448266274	0.13343312800533297	-2.2084654518357927	-0.7847809615287159	0.6347310600085164
-0.35751414677553045	-1.0392548073168293	-0.3521785856234219	-0.6346143870032459	-1.2816736652831742	-1.698249793726012	-1.4320613467807535	-0.12258811176465817	-1.0830466205308256	-0.8130220182912903
0.4527988517753065	0.39936096709772817	-0.7616684185289333	1.3426666887627132	0.045793896444831284	0.34357209706740965	-0.44202629645105473	-1.0764972903712051	-1.0807651504895146	1.3977115365822015
-0.6622821345547572	-1.564603087348576	-0.4147768139959499	-1.1611385850739124	-1.8449110592922653	-2.1759110819875533	-1.5927002948537115	-0.9437609646390711	-1.4265990114045493	-1.118986364133484
0.2953670713440616	0.7077194879838696	0.49622116580359893	0.2275912328030692	0.9542432963904941	0.6642700328471154	0.5173930164509689	1.9431294036966618	1.1461848782631727	-0.1730609704418309
0.45797362035283673	1.4909378769198407	0.6166836307454546	0.7617899951010261	1.8993401935753258	2.5390542808535597	2.25989349274945	0.14502009588005385	1.7418697953931739	1.0776898202141945
0.21600590764522823	0.7427622804802712	0.3715783833703204	0.30875588906425006	0.9748606386707079	1.2442604533108017	1.142339996415031	0.26635908133587743	0.9737538722948031	0.4282967328502318
-0.10468582625174995	-0.4151009215989029	-0.5418989441974733	0.1586461931667446	-0.6782253806341463	-0.3957349910467772	-0.47841752054491005	-1.6667314826774033	-1.0882417635763706	0.4626203192589688
-0.42854152732842293	-1.322430537476119	-0.6388284309970038	-0.6052903056089236	-1.7126313855871294	-2.0605027145617476	-1.8209817582913879	-0.8352376759050574	-1.6908777165044353	-0.6846150544348135
0.07613512817666478	0.42953031903961353	0.33138185693433014	0.029815966383475157	0.6243136598341379	0.7916030442675139	0.8302612142358513	0.21535906865312077	0.7585920376273643	0.12962711413130407
0.01697397876977453	-0.2167636100204419	-0.20076052960730265	0.05963523181927579	-0.34595514899421026	-0.5892378805874949	-0.6836820155646969	0.32157000099717853	-0.44468197493571177	-0.15270168021624866
0.5970133475790332	0.8259598240248879	-0.2568400860676078	1.257541013905296	0.7109056697921114	0.6574769009398892	-0.10356920947609453	0.7695197853933518	-0.05177430925369767	0.9315894540336189
0.33063257525244827	1.0208201714177736	0.39378998991348285	0.5618716426163309	1.28398150746443	1.6997800662323048	1.4789744016721578	0.14016933870690015	1.1442058371060346	0.7515775102007033
0.4275723461185784	1.0248450832752567	0.28971887393617207	0.7385606458558794	1.217398148438461	1.4310447080514417	1.0626472398427358	0.6419113212101699	0.9645281756639577	0.7108312053322313
-0.0684848437836975	0.19357596844238925	0.4288117340102429	-0.33239170168950977	0.42201250878806656	0.47152873650565913	0.7069684941539753	0.39810112490452754	0.808874785457137	-0.2664390224275915
-0.05013335615208317	-0.24263812488012465	-0.48158303564736316	0.25849170184256615	-0.4632603944128905	-0.09643884886018464	-0.21720390063806616	-1.6886408778505901	-0.9048294995412635	0.6073485996858835
0.14800137088333745	0.5576689251816525	0.28877195722198895	0.2115494073317817	0.7402992477466191	0.9814360736628884	0.9245304406912653	0.09599337837924246	0.7488886628276109	0.3411953355122655
0.6284121109111903	1.1739922796743514	0.0731724587729414	1.1996791907556659	1.2502152911783777	1.3554759869741064	0.6824197757746834	0.9272404233282188	0.6667015240626668	0.9876047554595588
0.7850833719099022	1.3534732402717498	-0.09480515333051127	1.6007072380538538	1.3529039268850904	1.5107899107392118	0.601073996701305	0.818572211102628	0.46995577065429806	1.3624011639616243
-0.14635204048569686	-0.140028497277663	0.09076269797412448	-0.2930324454620118	-0.08771742200171276	0.0214101352745519	0.21872548826352028	-0.3803294783659039	0.09144261680069644	-0.131408075824895
-0.3849753842839415	-1.1191734468123629	-0.5282031614656497	-0.5413111086265896	-1.4373702177214533	-1.6662580772426965	-1.43377007184391	-0.8854296904873294	-1.407806919985995	-0.5418773894491807
-0.6126052580385648	-1.5850712370026874	-0.6039103651522573	-0.9561153082170754	-1.9584988905502771	-2.242097012228345	-1.7841122225638184	-1.2539805901358738	-1.7509932251062774	-0.8930129192328675
-0.11264650594181684	-0.37938525793420297	-0.19062966872555917	-0.15869240996770584	-0.4975023885460775	-0.6251609620921388	-0.5707831317881773	-0.16536228177459705	-0.49841253397233476	-0.21009987341241704
0.12381063631287574	0.4012011547283522	0.37076011604200754	0.010054604944659191	0.5894680553681423	0.45714426027343014	0.4558169268607498	1.0817439539897031	0.8007001207510377	-0.1706428964661199
-0.3423688535591667	-1.04770789114424	-0.7474138147727287	-0.25156555857437857	-1.4484667179083337	-1.357183033253311	-1.2518903561750796	-1.9137564435198489	-1.7304244804784004	0.006682771772091425
-0.2971241368650239	-1.0926805386749803	-0.6566489787315225	-0.3333502086385902	-1.4830385574989724	-1.7946037662645902	-1.7080387857948773	-0.725056465122852	-1.6136537786761596	-0.4440564070964363
-0.43450636355578154	-1.2148213767116611	-0.5864965060892228	-0.587845671166347	-1.559842475026529	-1.726333897711041	-1.45991950941104	-1.207755728877909	-1.5471924650722997	-0.5099597597763833
0.40826870160332934	0.2654035864949571	-0.42704555014589884	0.899551606924437	0.025836933183972177	-0.29683430970283425	-0.9117588597221474	0.8476853528613526	-0.6044799314021444	0.43679566369060124
-0.4197428450454039	-0.7330086414676069	-0.002217201229822855	-0.8116179485351227	-0.7550142352994876	-0.7819219696400291	-0.3148706291820271	-0.6554705898729452	-0.3420887423816987	-0.6337682339798286
-0.06258293078096201	-0.6623614089833284	-0.6551539943784705	0.13378151480717476	-1.0358615608819255	-1.2872624263498722	-1.4613652519487148	-0.46785537356615653	-1.4109066793122256	-0.03762124813557173
-0.2707392243903213	-0.9020137199696876	-0.430147385117101	-0.4015721530886846	-1.1730412071812724	-1.4996731787589097	-1.3586933747599717	-0.307886047688025	-1.1471844028078029	-0.5427164594609649
0.36484454842936975	0.8091716558726006	0.17734708216773254	0.653174445099148	0.9326158975614312	1.0746729250513893	0.7342500472280827	0.54183404991528	0.6745238486111478	0.5965224032493963
0.35534887769981865	0.44701313531529224	-0.33670854078309204	0.8940370000934279	0.29842012583992994	0.4400552217837293	-0.08020702912931561	-0.23488630887018172	-0.35291262671416557	0.8526783250918486
-0.699943683883939	-1.3475725122165654	-0.5178980972160567	-0.9466582236856055	-1.6084482063767	-1.169235924392453	-0.5785935515842802	-3.0286607113087687	-1.4716353807064597	-0.2239923226252087
0.1935650255935025	0.07707962462360295	-0.22324341019058602	0.41370465048796834	-0.05496557386724306	-0.28428511455527666	-0.5838850947660519	0.556238328286035	-0.3465663466077657	0.12931576497124528
0.18282408793009206	0.5048057129446314	0.23276942481655108	0.2564609906228274	0.643239512566119	0.7200383556965823	0.6027844915931964	0.47107195453809875	0.6248707904109826	0.22977475821476603
-0.33912966463040356	-0.7243222258388345	-0.10043826214424052	-0.6499765518848273	-0.8083736319402671	-0.9744312745601145	-0.6343032939740768	-0.32574845714020734	-0.5075575915412432	-0.6278671600776536
-0.2420736768085728	-0.9749298808100093	-0.7228801464923853	-0.14899206694196246	-1.383262592168248	-1.545669751070089	-1.5443137676219185	-1.0907846272247455	-1.6649784129898002	-0.15674596308436073
0.21992076008692	0.6444341153693526	0.28762199369263164	0.32610541220750944	0.8218888057364473	0.9846678866919056	0.8467781317066551	0.40723425130740687	0.7840809389086012	0.3541871963503404
0.22284348209477717	0.44770777969882203	0.07839247679928588	0.39638877503103126	0.5016108159967765	0.530434695983131	0.31114696875329734	0.42712226437600426	0.338377619736366	0.3127615864053259
-0.1256753282169399	-0.08523819901977145	0.08661939431416021	-0.2365016343111899	-0.029452242869745727	0.12828225066284973	0.30123861749800357	-0.4689978805372284	0.1114752250044159	-0.04301444421514014
0.04059762814144109	0.2983125341036765	0.19213133605881355	0.04750792125042763	0.4230078332716242	0.6414863044640721	0.6684261514635549	-0.175799637663869	0.46687802545374135	0.2112170309502696
-0.4753550374343528	-0.4373639613168673	0.358535863373439	-1.0009058198728853	-0.2392535585629634	0.05942424412903115	0.7236560592594955	-1.0056563502894236	0.40975158743253376	-0.5251331552103538
-0.07739790010091996	0.21734778869606117	0.358724468511144	-0.25650590233297654	0.42692219999195763	0.6655876072497007	0.885896200822983	-0.17964631441489945	0.7092742844321452	-0.022625513228727807
-0.1812040566263831	-0.6752139298742601	-0.6163356628617561	-0.003275984081105401	-0.9979750316451478	-0.8887397458580655	-0.9144997436494454	-1.4876443327817277	-1.3388443942577573	0.19040257110657485
0.39859811148727187	0.7871564804227812	0.07881841559672889	0.7584585857651197	0.8570827168614487	0.9693000515198704	0.5546034368535622	0.5259292600896098	0.4983428161838348	0.6622033886732114
-0.2919218802405541	-0.3846211661024486	0.030317298966028593	-0.5111466882256953	-0.36075923938294224	-0.15176500685897681	0.18593686945223215	-0.9608614516791947	-0.11875743963196574	-0.19294288805060728
0.13693857841483523	0.5014788017178381	0.2885195632616375	0.1656860067866702	0.6755171060211836	0.835304057344091	0.7902551302514965	0.2739841229095206	0.7196730114339767	0.23089460299316802
-0.19628517280572572	-0.38752917055342395	-0.2546798672366001	-0.16750712150991992	-0.5047366911364296	-0.2411596401552654	-0.11540490626824378	-1.3519495826244583	-0.5953210113547313	0.15788055656329963
-0.17386016147107072	-0.9067388930936812	-0.7037309874073147	-0.06907799140740042	-1.3152538960760063	-1.6128107667872535	-1.6810558449176491	-0.6180866148620274	-1.6063921610579452	-0.22574604777490134
0.1666276973721636	0.3147737911200821	-0.033423937453825874	0.37082404884468945	0.3154733490088191	0.42899863078528355	0.23136916745782762	-0.04000736796474151	0.09301477686188933	0.3891257850440243
-1.0816159797637726	-2.615863998388412	-0.8165165225776897	-1.8041542206690209	-3.140058735865385	-3.6083251882068685	-2.7070381852442247	-1.922758412200457	-2.5881009893857048	-1.6703172594665014
0.027902939904538016	0.1542196117870079	0.12582002861864452	0.004617602380060235	0.22659382932869382	0.27442873315699695	0.29015219275125975	0.11808053550414385	0.28337897793182626	0.02955142824408203
-0.00795237500313794	-0.09408193712869514	-0.15119074422361856	0.07517907709966468	-0.16973529648392138	-0.1231632192729339	-0.17008298309033137	-0.3505011572833709	-0.29477870853798877	0.12217631323404725
-0.6945053794307158	-1.3561779445124582	-0.3037509386328793	-1.1525033283147685	-1.5385421230603809	-1.454757429296342	-0.7925305020221404	-1.840219297335239	-1.1298302781594747	-0.7417576197137442
0.32269798843140823	0.5771870682211744	-0.29498445965754455	0.9161215409987118	0.48325077452396414	0.9718182246548787	0.5050563701130484	-1.0701960588299582	-0.2106425377319888	1.1868927045220174
0.2502918177937498	0.8164549857466642	0.45200071784283596	0.30774757017849247	1.0841015914009553	1.2675908927531738	1.156828066208267	0.6524309403894372	1.1392389026811998	0.3354961037325051
0.7326784828994473	1.4556397618724792	0.17723294490973185	1.3691314880676895	1.5984638909732476	1.7761571217997996	1.0257373159977483	1.083960190004035	0.9731882227685568	1.167003631891159
-0.3779754574013054	-1.059983686840856	-0.3589447734060971	-0.6577937300378094	-1.302798983536189	-1.677928942461391	-1.3912373554175497	-0.26809151565030076	-1.1024253293806772	-0.7907337502206241
-0.26027392560948803	-0.5946711785642187	-0.014963162081239685	-0.5840287240185785	-0.6436993924021941	-0.9479342217606174	-0.6647178279743349	0.2707353191803225	-0.30973596252503777	-0.7199552139513093
0.13035063918577958	0.2868667496761186	0.07264385046199098	0.22301760450541117	0.33405004727470516	0.3662050713570545	0.247930147808292	0.2524367176434144	0.2548362578608418	0.18663282096722997
-0.4994816542851011	-0.8529023669549425	0.1958052638607947	-1.1421589333586517	-0.7988096776620438	-1.081251410283373	-0.4531468331069422	0.12125462049379997	-0.07491289553989772	-1.1494858637573158
0.5263071835152414	1.8983318228304846	1.1448908342457706	0.5830307159609822	2.574782650974132	3.0720232630592035	2.911666416536215	1.3897933525450679	2.808679345696236	0.7326777762103382
-0.31305916956234386	-0.8386831411059632	-0.5072406011431867	-0.3182980853419934	-1.1118678168840983	-1.026537391766257	-0.8649833862899011	-1.49343426328804	-1.2322854728972426	-0.08437049737036702
0.45286405733977675	0.7174749042339837	-0.061114182054482255	0.8871732779716155	0.7010633554715773	0.6627837105802092	0.13503497523467137	0.7763437865418057	0.22655187246232295	0.6389605775272583
0.13978353142268674	0.13013582069412477	-0.22175346616932096	0.4063101931159053	0.027592878278287016	0.11480198371882798	-0.12278551516827901	-0.3010616528773951	-0.3082551473757848	0.4189693737019921
-0.23258597608388135	-0.6358327678430099	-0.22924449230577562	-0.3858037588913878	-0.7849222764576979	-0.967354144908404	-0.7938108255742897	-0.29474456679803923	-0.6830837891188514	-0.42593365852386733
-0.42904532838896575	-0.7619169137483351	0.03189616517747504	-0.8706624583905451	-0.7740335640000569	-0.8797561458532579	-0.39006848993166154	-0.4297096608313266	-0.30111426004695774	-0.756662118905505
0.42140994003685756	0.3448048383952275	-0.5790941939288197	1.1078244469608052	0.05973655990378966	0.08634321579140423	-0.5979070174569574	-0.2020946527120208	-0.809943015033325	0.9414834276240593
-0.5599105079986821	-1.2692813233344984	-0.3988658679415139	-0.8999133361145136	-1.513236614768685	-1.6045538288870114	-1.1284574043227362	-1.3264450095316511	-1.2553919617503937	-0.7016278052458311
-0.32157740786462263	-0.5788354741054245	0.0894334877332153	-0.7202783174880978	-0.5644564279746523	-0.7574587911199565	-0.36669300917233755	0.050866142679121304	-0.12364422642498497	-0.7337707705345204
0.01005739999138041	0.30474579587932094	0.602048492783743	-0.3627635400358622	0.5979892473988373	0.3404052533463107	0.5509947191476955	1.5336961669904312	1.1390537327423533	-0.6014023027914073
0.3461540888768943	0.5140440809443375	-0.18619021296748253	0.7881921495120325	0.4406052432278231	0.5417788950889364	0.08733473824391103	0.0704919946108267	-0.07149153132043015	0.7132948833508875
-0.2023956624051538	-0.47919729960819574	-0.08624513715877466	-0.3941953920989474	-0.5495481566683765	-0.7128026525134653	-0.5198578147071815	-0.07781068742648571	-0.3708598982772891	-0.4354239774704165
-0.5248281357745579	-1.5702817763181187	-0.6932584157049896	-0.7933348534918415	-2.003370430342397	-2.4527638866626846	-2.1265290653114586	-0.8342541249234553	-1.8997553197640151	-0.912434581005989
-0.011440253026470717	-0.18461708063901022	-0.19262647355625553	0.051472337046017114	-0.2945179382505638	-0.37238109929580643	-0.43134935807311736	-0.11608939298204417	-0.41031056714694114	-0.0056373749392505425
-0.004612423506919119	-0.11024672513317323	-0.02315799026741496	-0.055191355878093255	-0.14136138695822847	-0.3318099532433499	-0.33614585964198124	0.41964835323473654	-0.09637791428668549	-0.215744906689709
-0.29895887476495914	-0.5275957192583238	-0.002994700927914235	-0.5804073187273899	-0.5449993470569986	-0.5741806888101297	-0.24209836814084557	-0.44466120007751253	-0.24891976723769416	-0.4622911295492187
0.08672718470522904	-0.22659141525493331	-0.5016736066520436	0.39387908982845177	-0.49602008699023553	-0.5790661725365095	-0.8619946840336377	-0.3935471668344026	-0.947276503692762	0.2920280175328691
0.5272638688962418	1.3478067643127696	0.40176661523131607	0.9244961740837253	1.6204079745875037	2.002583596243394	1.5653362615010569	0.5696096564571173	1.306864909209916	0.9911083872432735
0.2451064818544466	0.8196244325375934	0.19211732514567156	0.553781658644979	0.9899650993140343	1.5835069197121887	1.384193292070225	-0.7357964649744027	0.7203187372191341	0.9411449109495861
0.19034889874040806	-0.1975141259105326	-0.5593315981675169	0.5481972089912416	-0.5165316485829826	-0.8403809153142221	-1.261340952178009	0.28210055297270675	-1.0391011864100357	0.19157640370197354
0.36115136604505904	0.9610864133199267	0.4131696568195195	0.5269615569878032	1.2088855652222619	1.350187747715727	1.101236271921025	0.8866955977905842	1.1392773948165902	0.4663326855063286
-0.2780030726038046	-0.1847053836496625	0.6273976012700861	-0.9362994499861215	0.10666933666111492	-0.17919920615180435	0.36182501850605425	1.147476163328272	0.9551823214935241	-1.0618813209196918
0.5331496846237014	0.8750678679217394	-0.19933152714767374	1.1862969677960953	0.8134338129250231	1.0231030460779047	0.3558095162740095	0.10754142301402143	0.07659185762830849	1.1152042738833876
0.3939090989673737	0.853434556594423	0.32963672714182063	0.559903809987647	1.0353553379230882	0.9404672623277336	0.6229321219149663	1.3917033938017895	0.9413574833774904	0.2829309122365416
0.44537932940285285	0.9927655739179708	0.3100415137672311	0.7114465878593335	1.1804099662492253	1.2266759733954113	0.8451614907710124	1.108351128298062	0.9777639815273396	0.5312699427465408
0.15067044575263966	0.08716933742634926	-0.40034032888327575	0.5563278907929947	-0.09666348014395415	0.11889115109693404	-0.19638336724844785	-0.8582469308730344	-0.6224326134869008	0.6776608971789353
0.21312447901632284	0.18126475761939675	-0.4705727555791997	0.7343901876636718	-0.02958021788919903	0.26127272003702673	-0.14929681273919967	-1.038138148576062	-0.6940042668108266	0.8919029847303646
-0.03499728323081323	-0.6072636148095043	-0.6244322197746285	0.16258437199387818	-0.9660996684334815	-1.2456652984042347	-1.4392778905085424	-0.30689485206024664	-1.3351192270279582	-0.04682770315946773
0.4704959806016695	1.4240881791263158	0.7130660519164598	0.6347941492025725	1.8509890117660492	2.154616234814775	1.895608602309063	1.1242138486412885	1.8603795852470988	0.6545088596114373
-0.15700129314448494	-0.005803481692168963	0.30734248249677387	-0.41808067373615593	0.1619383545576363	0.2860493286402213	0.5755380343869873	-0.11402869636609494	0.5164005356529909	-0.24319681153096798
-0.18144369408069677	-0.684969787646732	-0.4552873837631486	-0.16361417676022863	-0.9479842534718571	-1.0969713471689273	-1.0640264178041186	-0.6232903043052219	-1.0829766495095665	-0.19466211157597063
-0.05104781762051428	-0.3378796658708308	0.028013285754788796	-0.29202652310396204	-0.3832561240335723	-0.9742139058334942	-0.9097129455235545	1.3873189289275525	-0.1298966299168491	-0.7747995309987097
-0.15630912707701486	-0.12380219930615784	0.2457083111300273	-0.43766372241482454	-0.005328074837230742	-0.051839590076707874	0.21323949374942502	0.20961021412180458	0.35274478839916196	-0.40804445990299854
-0.8905841802427933	-2.267361267239247	-0.9638527716055788	-1.2832987820604573	-2.8352302653914347	-3.039589105413404	-2.4046278845600355	-2.4544785532561826	-2.6648781495024885	-1.0114618371011543
0.026483968635240492	0.13647813627225713	0.14634766298210047	-0.027922699099146922	0.2133681013895132	0.19730027825307836	0.22190801877848598	0.3010286304606023	0.3072829007826063	-0.05753390244044491
0.4726948397233627	0.9262087170027065	0.0902988003866572	0.8976112324357245	1.0063512370717986	1.1281426261653071	0.6351285266674567	0.646367417911474	0.5819163136230863	0.7738561583452928
1.2342389380350578	2.724921011563235	0.3563112664239884	2.4337315689275303	3.0463985616483624	3.8592787841155394	2.618974075857712	0.666197392357001	1.8801534106776925	2.532222668822499
0.21843793591706703	0.7049543522849114	0.3723405173661685	0.28461946843630126	0.9284138872903129	1.1045580188974748	0.9997675258498752	0.49779008514991424	0.9542697466785988	0.32303687928380254
-0.5478838072969726	-1.3295750182615416	-0.27915588783816636	-1.0451598458183573	-1.5445119245021737	-1.990094162493115	-1.4847364780000367	-0.2694593550714645	-1.0954598919775906	-1.1589096021647582
0.05615848982608225	-0.46722186504902385	-0.8481821631701095	0.5399417170512408	-0.911403102160775	-0.8961780129570708	-1.272918250682144	-1.1974156609851483	-1.6346849077669199	0.5444514542039898
-0.3011173234982511	-1.1251455828420707	-0.6306590927318038	-0.3829316796684366	-1.5112245279984282	-1.917389469309395	-1.81719169851253	-0.4639763521540685	-1.5884864119062947	-0.573383977701543
-0.41107581381269165	-0.770405995595733	-0.13019639420621595	-0.7078633019625117	-0.8523696391701255	-0.805057183370548	-0.39472665236133153	-1.0102268439709183	-0.5709153027785849	-0.4677700349677174
-0.2199407228513607	-0.9169106282525241	-0.6803159418000652	-0.13373527150805156	-1.3036330840457548	-1.4847644818413208	-1.4924072070094687	-0.9444941233492002	-1.5676777813546645	-0.16905219486423728
-0.7680156201032314	-1.863134607476408	-0.6009020468623196	-1.2647286231823476	-2.2446762400151736	-2.5585198966382	-1.9262860777588446	-1.4418108315483398	-1.875039000237525	-1.153247354055461
0.14231117579899852	0.1686121254768653	-0.036179691601603926	0.256964495951037	0.14470502853396364	0.032947271865951866	-0.13965556188917683	0.46065928058730005	0.013011884943240713	0.09383938852099241
-0.012833796183987318	-0.02886651749306973	0.013765997099658533	-0.04232846976906169	-0.025623038839681922	-0.06103155842564165	-0.04179020443015781	0.08432247977955036	0.008487283291042983	-0.0668382154758963
-0.2001934129478216	-1.0363221659231923	-0.7605126404398963	-0.12186816590169987	-1.485939472482233	-1.8850633901192657	-1.9454617122107125	-0.5009114328771006	-1.7647695751210046	-0.3517751267866268
0.0008521200272110842	-0.026033774643484317	-0.14612934084436105	0.12264436823670856	-0.08796263308272254	0.0673816626808284	0.013034150346596237	-0.5917270708996583	-0.25106553933346637	0.25856341304623953
0.054736683197157875	0.26288147628569286	0.16002840224228268	0.0653357934854362	0.36303323519454944	0.4979515505909191	0.4968398153806417	0.0034439630184749043	0.3938088179532188	0.15134087037973912
0.25895012181254873	0.6880036629000694	0.3834125603592766	0.29394823876413523	0.8988717434999975	0.8690994003388584	0.7222674439523832	1.0827842814800552	0.9575933108207144	0.1362180065765502
-0.3783259852943518	-1.1142378591891393	-0.7524430324643651	-0.31897531984847594	-1.5195423745555965	-1.4316231553632641	-1.2881183313717275	-1.9745068419741445	-1.7695904433606258	-0.046295142365992886
0.2416579944223451	0.5651711994420798	0.16309226654599834	0.40864639687447557	0.6707228947284603	0.7615829814197382	0.5529867147456642	0.43431558970670525	0.5364983754220675	0.36736510896507846
-0.46679845382918267	-0.8939681513545925	-0.07307575148145773	-0.8879351536344776	-0.9624836599765396	-1.0611093222035575	-0.5681799848497461	-0.6669521060836484	-0.537404183228611	-0.7475153244281729
-1.1335010098625442	-3.353137219279882	-1.5287643076097073	-1.657760332599932	-4.292339939267968	-5.132393305124275	-4.438855486331747	-2.1649701281361087	-4.133419605785296	-1.8024121100857287
-0.3332822617183187	-0.34319519064898857	-0.020000008965066395	-0.46732408335366943	-0.3162488129717928	0.2134991100658951	0.5801930169535632	-1.8839230030663177	-0.1723919567475946	0.14672532435926236
-0.6950802026829047	-1.40463814441564	-0.20457040493612033	-1.279965656421449	-1.5592078474250615	-1.7260179756164606	-1.0275943969309231	-1.0865848360078523	-0.9950930844832541	-1.085910114992607
0.036829102374926655	-0.09094431131908151	-0.13329362799485098	0.09472194955116865	-0.17363664011290258	-0.3150207394064964	-0.406128956572629	0.20834705488895797	-0.27013417256346783	-0.04122264621354349
0.3992132309566949	0.7402939453884448	0.023605745177857695	0.7802626659013786	0.7787548367496275	0.8672963030008703	0.43134919316458137	0.5026035276500014	0.38347317994839314	0.6646104247669481
0.0362653315516921	0.0985507944378422	-0.14009836703720582	0.22750318424537172	0.05422704656485031	0.3409255825587166	0.2499483405291494	-0.8407976631441715	-0.17889203938747547	0.4589478133348044
-0.1503886974432708	-0.20672622646025404	0.2770343702271824	-0.5184385574743647	-0.096016715940683	-0.3930413162727301	-0.12414293914910024	0.8736298849617451	0.3580077441787643	-0.7070810826604423
-0.12152692952437767	-0.6642033943623841	-0.19385432090067287	-0.35293290421994283	-0.8419825835647011	-1.5566221581538784	-1.4963115271824945	1.238111404198628	-0.6560452840084557	-0.9032083589640447
0.34981149516767696	1.3695677446030232	0.792507698096064	0.42952896265406354	1.8544897684981871	2.375096772946913	2.281101972449957	0.5094436126662732	1.9761088922843328	0.6912854490492156
-0.2866174724917706	-0.6874706540392881	-0.23755758023577442	-0.45405346455997414	-0.8332751863135529	-0.9135591994151132	-0.6823692100725252	-0.6471203420472559	-0.7170950062086805	-0.3805809630698009
0.21401120638562274	0.8796202276990722	0.6876858250182383	0.09719657797699488	1.2630717560707967	1.3737785664923654	1.3904297582301044	1.1160565034296144	1.5603175513234737	0.07482055012836787
0.3391263185816233	0.5764437388967953	0.04042723393256344	0.6083269942465819	0.6056438171519889	0.5357166501763725	0.17224689124610662	0.8091067443510664	0.3305128461357853	0.38521913569942734
-0.04948602590848065	0.46790885084070083	0.7538979543085573	-0.44439839050781205	0.8739037258515094	0.9742564195200408	1.3091770193329635	0.7888732170751583	1.4812953374486744	-0.3509847105823964
-0.2742628344935918	-0.5531703197188453	-0.13289528238501164	-0.4545583056162067	-0.6339419964303276	-0.6204039061101748	-0.3637748504450548	-0.6984771331517732	-0.47665533070105076	-0.30883164831020915
-0.8935029827883849	-1.9880532915191396	-0.7548040927982308	-1.2981802892555485	-2.414662901370877	-2.303557879324623	-1.5864122391318463	-2.914786383001573	-2.174930885719352	-0.7590346690117187
0.039424875049712114	0.042486858521451495	0.3437796473547762	-0.26914133029590026	0.17065279568413774	-0.39179984257902384	-0.31106707202641215	1.9406035510437598	0.5749230102502195	-0.7775992382181324
-0.5924817996606455	-1.0440369472282833	-0.1620834378959036	-1.0002618468133246	-1.1380812501479918	-0.9620080005505834	-0.3606191922745615	-1.6797734522823649	-0.745624527052315	-0.5622876094905791
0.28165233362368275	0.7684254622424623	0.22068253709370272	0.5204624180492259	0.9268022535222534	1.22835422807985	0.9974947926219415	0.07706041710358555	0.7340691445089486	0.639411921001555
0.6528241016237578	2.0107686190550016	1.1976834199002222	0.7053803667579727	2.6904853281198347	2.8807485991757806	2.5974349483147203	2.4286662446594844	2.937778146583606	0.530186301302733
-0.282138669780006	-0.7130588101297719	-0.10806827823050645	-0.5912373893733971	-0.8161654380034318	-1.1605864191900643	-0.8876709483182074	0.1928905387775887	-0.5215691785373898	-0.7491375304347668
0.10156213075077714	0.18467417316609433	0.15491788154495395	0.05400260898531769	0.2507850041297134	0.04547734510170103	-0.011344287395814275	0.9009570324530491	0.337005198610979	-0.17394775375478397
-0.7725352910940845	-1.069135896045028	0.20530756818013363	-1.5062970676055805	-0.9690564492869902	-0.7131553504330412	0.22545948517685022	-1.6368622042633043	-0.13915663274238949	-0.9216667718989076
-0.742149411754736	-2.041467256239048	-0.9359051739261034	-1.0444802421817159	-2.598309576583278	-2.9063840706284667	-2.4270602251408873	-1.9078576696258671	-2.5178369887103593	-0.9331908517901728
0.6382477179375725	1.178888673431301	-0.17608789068992348	1.4483125351788741	1.1573618017302196	1.6042907658928838	0.82954785889903	-0.2537440763520239	0.2639014498309099	1.5298127614413968
0.29536220396214174	1.074070943308966	0.7181421098396948	0.2608866617009693	1.4845814866240137	1.6711624893675008	1.6087506091643013	1.116226577133654	1.7035505623663592	0.26396463310020557
0.18936663663280037	0.3664603877342619	-0.06845192692585733	0.456330735875687	0.3574496952471747	0.5505999586930844	0.31501798092384414	-0.24612177752470607	0.06102302470203892	0.5327660714296069
-0.1653533020239591	-0.2632124637236732	-0.07752350993858007	-0.22952377466311139	-0.2957797404310282	-0.13716652862003093	0.01922920840069865	-0.7821060872102172	-0.24525110659044538	-0.012747554419723608
0.14255427163811535	0.19468162091480096	-0.05489963488609099	0.2924433736575334	0.16912778870716055	0.14130609248580667	-0.0381056476291822	0.22979837890168384	-0.0033107056578967893	0.201560445545845
0.5104835986056839	1.2795033087464802	0.48650884431549213	0.7850458368550765	1.5753651209953967	1.7456535290801045	1.3575058629306993	1.1802906357103946	1.4096865281280315	0.6762170509041925
-0.8158163975699194	-2.2203441315977086	-0.912064798127834	-1.2436279432410708	-2.7825691628865004	-3.2413783707122894	-2.6717992277841267	-1.632923030850387	-2.565683576344276	-1.2268172447664587
-0.17443465808852548	-0.016168019677159376	0.12785329871421913	-0.26722879592505183	0.08617624313508412	0.5180364226686074	0.7619279196234798	-1.1560105910886653	0.2221772968818118	0.183694274138537
0.37657031256663137	0.6230949481860412	-0.26587793429383166	0.9605810799104746	0.5326670982752405	0.8764171295441495	0.3596870608981901	-0.5838155810896031	-0.14598904949372493	1.0807982455738068
-0.08086344762453343	-0.2237858749385738	0.12837441939936012	-0.33444597132858306	-0.19640060467966888	-0.5729331357410791	-0.4369979485152896	0.9650490378878566	0.09838162900366403	-0.6213046044428059
-0.10331216680466897	0.01954222732109683	0.2777557993104492	-0.33152386928171623	0.16391412628060992	0.18539773652197997	0.40357979527470994	0.18278062193712322	0.4748339345974529	-0.26967045023429814
0.34631366552483367	0.8371943405846393	0.5489816453055194	0.30311661908780263	1.1152418679935174	0.8399604778613748	0.6558934581402629	2.072739557960161	1.2946521207391712	-0.11046194550268237
0.21913993231645104	0.1671196334210266	-0.11045814929801953	0.38604211973677727	0.08939042600446828	-0.20496499708492372	-0.4916078083970078	0.9247419676875643	-0.11861769957788974	0.0312247892108214
0.08749805245222424	-0.2275557959876978	-0.42896859949338917	0.3244726351558531	-0.4695575685586015	-0.6649338155614659	-0.9223201323259954	-0.012124898523448622	-0.8300292170111768	0.12438656152800068
0.7908895875089378	1.9650255624004567	0.6614739950361636	1.2927175296758706	2.3842877521161614	2.7463333012214743	2.1112615767791802	1.4537483493762222	2.0250947951025906	1.2103015913052217
0.21627938483802883	0.41637542178608417	0.028723068221207373	0.41775704487742954	0.4466197802285654	0.504674181736653	0.2744440148495456	0.2714392571258651	0.2418425919632491	0.36340243934074296
-0.19274738085969584	-0.5195626806558067	-0.27557633419474337	-0.23314356596584557	-0.6743611111880663	-0.6830435253199756	-0.5702608139596413	-0.7166289643297203	-0.7008859162986062	-0.14239072235570066
0.6803428294589825	1.7803985438975924	0.5908011349121117	1.1514570626480687	2.168796587732287	2.6456976321134507	2.108245032187313	0.881580215569792	1.8259122857226486	1.2219303968171598
0.015369288934446756	-0.39316341973113084	-0.5731099607224075	0.2956276969741878	-0.7026202028339803	-0.7774474548420549	-1.0072379572398582	-0.6412695461108455	-1.143265286251562	0.23651462273775586
-0.6520255258958804	-1.570018174002108	-0.3570661482443509	-1.2119063035078566	-1.8326964879053942	-2.2993399966909664	-1.706827935603862	-0.5118029113756338	-1.3373456762832598	-1.2921896704156504
1.1819372618605457	2.44217190594718	0.3642773561927774	2.196730728200557	2.7228608770997687	3.1000940261605083	1.918996080891177	1.6450470403223092	1.7476581961947864	1.9466217251663431
0.616891544956106	1.2597826005947126	0.03150480598517187	1.2879194975248742	1.3422439883543766	1.7406358609394186	1.0663748420093357	0.13498006581220098	0.6469764858603172	1.3335445371554928
-0.24695598499340674	-0.6144648071024856	-0.28090379056045933	-0.33331076236629864	-0.7740895134537332	-0.7793244686737218	-0.6080580882183729	-0.8255360658730103	-0.7533658762783724	-0.21354586675482334
0.009315766262513533	-0.12622716201816672	-0.23642847510180237	0.1483032581938241	-0.24711482512101993	-0.2102315049543573	-0.30802561301082837	-0.4237604023772621	-0.45264335384912935	0.1805735007072159
0.703767413387138	1.5336926586039807	0.3426261447813685	1.2412707492527044	1.7661676368582235	1.9797899503391096	1.323042469763916	1.192427125556378	1.2873386930841875	1.0802035528020708
-0.19548667930813818	-0.4976004741126276	-0.21923482443566977	-0.27431383613996213	-0.6251696694762066	-0.6585063573945682	-0.5219150037141297	-0.5780610729504854	-0.597327734950821	-0.20460266608966057
0.12353394892720614	-0.014142466839716358	-0.34145008310769825	0.411481833450829	-0.18836463315563434	-0.1800378557698049	-0.4442203316420053	-0.31486277009405106	-0.5779228921767895	0.36688281317448834
0.2228427186630184	0.14262511928615554	-0.40434423661299274	0.6528631762104722	-0.05430062985351863	0.017437349429742878	-0.3804698094795976	-0.3920637121513121	-0.6087871706191059	0.6164582858040516
-0.30235847701392216	-0.5049615453587144	0.12771453865453328	-0.6925790014185278	-0.4662531144436238	-0.6258987861080577	-0.2422231715784674	0.05953462656126102	-0.024342359842019077	-0.687501199345314
-0.36498061873639437	-1.0505901833275606	-0.42165223648756683	-0.581676794086722	-1.3196647227268476	-1.6304940393087093	-1.3812165045343283	-0.4947032086494493	-1.2007820610896294	-0.664358632808194
-0.11621394688336502	-0.7845639860147063	-0.8763988651312224	0.22177313884588568	-1.2517692936625042	-1.2431173482704718	-1.438151385232445	-1.5178997784755113	-1.8282408818100297	0.303746952819826
-0.05954053917199096	-0.3272619294630908	-0.3819612852364572	0.09961621590768228	-0.5248304809189019	-0.4554105027844918	-0.5301888698224281	-0.8359429564080008	-0.7876847988603697	0.19587522449732822
0.10636637072563411	0.0475252876407778	-0.338733460297305	0.43689791430096764	-0.10678999927597838	0.09744856501381534	-0.1456604005748411	-0.8152679775576622	-0.5379358193586893	0.5684004369922838
0.391952125028203	1.6209397888444097	1.1231914162236887	0.3146651577907075	2.273090072944096	2.698837303852286	2.679905923640201	1.3013759163572933	2.642087923520088	0.46778952695726195
0.034227832772778355	-0.03518878055799324	0.03780592566404598	-0.03321418843758605	-0.03940709845344007	-0.30117781842978336	-0.32657320057378314	0.7493024883952488	0.037680160619661715	-0.2748131374655841
-0.5163479928009197	-0.686320598323245	0.45343435747238414	-1.2895190155955372	-0.4920631570633324	-0.7257091740899755	0.016866548788164657	0.35574386928921825	0.43488779857582394	-1.2525130332882337
-0.4746753490400343	-0.8013577081281202	0.048524680751401865	-0.9480722020210258	-0.800732521715602	-0.8459490435809482	-0.2989396227179861	-0.6297959273553194	-0.2892487185666001	-0.7607263733582933
-0.25144983851834796	-0.9654327466948568	-0.6450776996695775	-0.2240862751318548	-1.3388278961269562	-1.5599637136190687	-1.5196103272529164	-0.8491383929603868	-1.5324510967762424	-0.27937977651554
0.23204631032749568	0.6322222642632054	0.09489685460970121	0.5111319163971066	0.729182134917473	1.1040191597145876	0.8822196413824371	-0.3717807843809189	0.46340081678305356	0.7193625432098039
-0.13184049128866918	-0.7530214913253507	-0.7115983655793194	0.07361366291597471	-1.1451409636329994	-1.251733724593864	-1.3688412583477176	-1.0210080012739113	-1.5419337652522973	0.06071041900958394
0.3433087823437313	0.2259040458919494	-0.025699696364009535	0.4402086630269203	0.15291500302791042	-0.6045291697546056	-1.000407233438568	2.385525432843476	0.03368750574378918	-0.372843002748735
-0.5696694442166572	-1.2593109618045846	-0.5513722207242195	-0.7552869485253143	-1.5564354497110775	-1.364062193148728	-0.9322380067957609	-2.2569951807119817	-1.4959418449477382	-0.3058422945363502
0.08640412368775843	-0.27388527512636285	-0.36791746330969965	0.2344079908361557	-0.5020891196432608	-0.8851513048274519	-1.119589382493522	0.5315839656207868	-0.7558892479359766	-0.12736727270751752
-0.23511275997865919	-0.5063566718421053	-0.2777870437749549	-0.2548581312927533	-0.6453677992651837	-0.4624623781006623	-0.30235711154274725	-1.2569167064455824	-0.6916118555723925	0.020454495688212324
0.4319987322320056	0.655330549018206	-0.22393003816894602	0.9848469259258953	0.5698863641789255	0.7140032856226726	0.15006785535867326	0.057175698471871636	-0.06810107667110508	0.9064973059044814
-0.059897777914574915	0.24409104806531204	0.2050029337289266	-0.07849238037849113	0.39476682438908395	0.8532075022353295	0.9980986708343125	-0.91041021387712	0.47210956472906357	0.3387374643402326
-0.7265341174771147	-1.3009786442609539	-0.07716099915610755	-1.3564280360106684	-1.374125422424817	-1.383174410224459	-0.6017381071143688	-1.334175577835603	-0.7283688492713469	-1.0148338557432162
-0.7476558005918162	-1.7903448697209716	-0.5441404025716013	-1.2545042171606617	-2.1410738486718683	-2.455509201712587	-1.8249521654630265	-1.32149060574729	-1.7465149734440566	-1.1545002472960564
0.8982376316523225	1.8349000606901276	0.38873701122666443	1.548612239387022	2.086594761655619	2.161852991655878	1.3047046649728762	1.9286624333688278	1.498211701970971	1.174872347916164
-0.5329805602265703	-1.452918850282496	-0.4524387947677902	-0.9508582174211753	-1.7657226926149565	-2.2823122091273222	-1.8580969871412816	-0.3284919193572716	-1.4449310320534035	-1.1288653080852258
0.0681568595689994	-0.09207136449478319	-0.37687748680744027	0.35047812731996775	-0.2786299798382494	-0.18077867120380045	-0.39591796230798054	-0.6790935905621994	-0.6698897338593282	0.4098901966251482
0.01191923203434157	0.012564735909274446	0.0884936704123912	-0.06682712963890221	0.04533045548848086	-0.10253917667621523	-0.08374631961526197	0.5100496918130766	0.14863147343204844	-0.20120453898994506
-0.0834185284103323	-0.27520973855193714	-0.11577666740979084	-0.13790124766293646	-0.35170566070498893	-0.47112503844454784	-0.4215682771893633	-0.02449901957774752	-0.32483199912941624	-0.19785065475653474
0.127553206399258	0.3967792339080731	0.28399065666763534	0.09275445048471644	0.5495959782949101	0.5215641545731725	0.4844143188970471	0.7066939682096184	0.657135075234164	0.0015453216832267854
0.059334727399555705	0.056055117316899813	-0.3922881427253314	0.4574381498686351	-0.1016530520190899	0.37724469053898485	0.16803394895973417	-1.6410395917991318	-0.6137924741454257	0.848055880759719
0.0244481530709906	0.1922496947428158	0.20713567368231192	-0.05018244886423537	0.3051238533878018	0.32940011861412244	0.37898646581732626	0.28976483516387574	0.4361885983091866	-0.045548465507341034
0.1125300979578432	0.10002535755612628	0.010808294519910593	0.1433187836515831	0.08906996196887575	-0.13057378966066452	-0.25307549658396855	0.7409873627574669	0.05623248118937286	-0.09905506209293681
-1.0269834832240587	-2.7133657387417545	-1.0334214400889832	-1.6203352433846403	-3.359528951636361	-3.927120001970184	-3.1675652965243164	-1.9098359105454414	-2.9997355103485717	-1.593100156818147
0.27018975555891633	1.0079271435252228	0.5849244067546879	0.324331133354862	1.3612983929505733	1.694009555793831	1.6110061146852876	0.521488881625161	1.4553092989088718	0.4676043719175362
0.5310795080377144	1.0859313380838	0.3494313691898385	0.8022328273443378	1.2808403989181127	1.1511289362085446	0.6878212551452573	1.739929445559747	1.0802668864620413	0.42933682161732534
0.03746395894729851	-0.11986340766149502	-0.20736756612106944	0.1465332719050282	-0.23739870216892245	-0.33530963235709255	-0.45435989999403215	-0.005722164503624455	-0.40590779628526297	0.04915313745150589
0.6526985311796827	1.2684277710231529	0.13218510754564677	1.2252584447140034	1.3797084236410522	1.5137964154552521	0.8356582742724213	0.9862656387778236	0.810017241083432	1.0249983069298263
0.04682039364095797	-0.36588362613279435	-0.36374454826317104	0.1383927190372156	-0.5994059914512935	-1.041675244009715	-1.2307127427432132	0.6136851042453698	-0.7933809217602469	-0.25528495854337896
-0.08771180800606553	-0.4100918041652582	-0.378669080391498	0.01936912810083423	-0.6150582183085128	-0.6263447728894653	-0.6688749428121188	-0.6835037403493189	-0.8232047480820109	0.059852971896551616
0.5663379926781014	1.0056461580605975	-0.10681080586936229	1.2109437098454756	0.9968043880857239	1.2316906051795862	0.5617853620861414	0.24017531557261773	0.292519143715495	1.143586128407067
-0.871022564061625	-1.775752215379031	-0.34894555914070835	-1.5260384226714712	-2.008311661851286	-2.1148385592612544	-1.2734417475303559	-1.7473726859780205	-1.405485755038424	-1.1929873458630662
-0.2185728978578254	-0.29204335983719004	0.06441847186153761	-0.4252288089428624	-0.2590508056947288	-0.17306459358988227	0.09490648647008532	-0.486679692596078	-0.023473569326687725	-0.24831150492698628
0.5716185923175896	1.1888879840043538	0.11668022150683054	1.1243611404996512	1.3034941713763328	1.5908351784801564	0.9980792753199567	0.45307398178916847	0.7529606137219582	1.0946126286218627
0.5645642452387583	1.5090375167864236	0.552285291623316	0.9174850855865753	1.8619359391371577	2.235534876742299	1.8124158309493241	0.8771388735417066	1.6327950432139258	0.9556414926384759
0.2718036028017368	0.6525330308344706	0.12943838432947644	0.5224090356705932	0.7541704880963356	0.9730730572615128	0.719003916141876	0.12548399311046618	0.5249718199859559	0.577192912505936
0.4618095940333756	1.0201335151223931	0.24825647750104043	0.8013519657612914	1.1846236200744105	1.3203595310459493	0.8980612557323291	0.8279423620171515	0.890131505014154	0.6913458001110744
-0.12434000180532573	-0.3454402986308128	-0.3052487590935588	-0.03566610691284051	-0.4964041346096441	-0.33639737020683025	-0.31008121205968453	-1.0527325716488596	-0.664346510679439	0.16759987630286827
0.5477281652692807	1.0355951661974863	-0.061882493538940736	1.1737691354412187	1.056491301896171	1.3607896106081914	0.7286048372383498	0.10659849634619971	0.3840300231303454	1.173849490084182
0.11255948553186729	0.11246712197305052	-0.1116360661733113	0.26846556065508775	0.05721801575428092	0.045502415674109876	-0.12140720191879305	0.05542469312924883	-0.1355722939135134	0.20696987492842803
0.49088839045219	1.1497487587883068	0.5281126673970746	0.6434816033799136	1.440012830181888	1.3377968872572348	0.985620958140831	1.8692523354874564	1.4098102550947509	0.30952748136465846
-0.06949773015538414	-0.5025714944436968	-0.42561312167663456	0.01634424783434763	-0.7513818468290608	-0.9648639006535521	-1.0460475225305794	-0.23158956199988562	-0.9516538526968009	-0.12420500487709592
-0.025949089421555795	-0.033527021371120305	-0.07127836701958298	0.025572278701500157	-0.05963528303165049	0.06958186132194509	0.07272086435833079	-0.4632952012158173	-0.13012723990577904	0.15030181466351614
-0.47743128003081314	-1.2553522427728443	-0.33120771848891845	-0.8915652342933351	-1.4972104375808803	-1.9680302300010126	-1.560626006441399	-0.16494734506930137	-1.1493571391430548	-1.0595398641658609
0.1232297622753949	0.3798280800259605	-0.019841090023151008	0.36792104796100655	0.41387061521818763	0.8133561739108028	0.6704970381139598	-0.7875169143597865	0.15599631625417304	0.651835780942712
-0.019684577496964364	-0.0888750586490098	-0.018397465366558317	-0.057057821044006404	-0.10865612587745495	-0.20253571686747826	-0.18784680087921057	0.16675889594590254	-0.07509325498585089	-0.12771805385546028
0.572047625049845	1.1219524753678063	-0.06848860114176332	1.2565674833838223	1.1509888137444715	1.5631142597648637	0.9018765153592243	-0.1231009934016656	0.4166012703344612	1.3375869613449154
-0.40325450289100145	-0.8983034648149455	-0.4338953138716207	-0.4976574767826055	-1.1268289196294932	-0.9413858643797759	-0.6516240785771523	-1.781719627478916	-1.1333182141704747	-0.1363309183954759
0.18140041372458393	0.5493805740138433	0.19335348483385648	0.32277315916983534	0.6827563416172618	0.9209248169595967	0.7914198473680613	0.018926997380111818	0.5852010844301672	0.43595372858350284
-0.0921482003868207	-0.6929455629661501	-0.5984810480300576	0.036477524214319525	-1.0416683832235452	-1.332651091134967	-1.4529829465205193	-0.338448905968837	-1.3315182802478551	-0.15593308741666376
-0.6118064072539707	-1.5065721298641912	-0.6150292308805241	-0.8923967663840456	-1.867624939076041	-1.965520080498477	-1.5116671844977585	-1.7194163206093565	-1.726791777779822	-0.6702431077489137
0.40017901697155894	1.060042664444725	0.2770256480412284	0.7530928727202402	1.2642227393614829	1.676887385104838	1.335271128593563	0.09366728137887487	0.9666409666122329	0.9093544542403361
0.9064223961422794	1.5173849187608226	-0.011929456285675443	1.7247922699534257	1.5443869561510624	1.4833476973088044	0.4680081669863403	1.679633099715581	0.6762886125372445	1.2389550894217376
0.14060659724951036	0.4658993742271272	0.29420646320732213	0.13929468794600927	0.6332650893756776	0.6927699300016241	0.6452639810666861	0.5318622759752364	0.7092076041538612	0.1166585410896565
-0.12221636043403925	-0.8369498934873254	-0.5210602615209401	-0.156855684623528	-1.177191344618274	-1.785432005855206	-1.845058727249532	0.4941982591977843	-1.2795941024411348	-0.6085188162228399
-0.5043141113209734	-1.4941316707375303	-0.7730622549075452	-0.6504700250725834	-1.948113133860479	-2.1897290386854817	-1.9149469667151764	-1.4212716770569374	-1.990844347289106	-0.5995452781376017
-0.5656195660123519	-1.0684044154127137	0.13188409179564403	-1.2762776614285447	-1.0636906017523218	-1.4760341992419326	-0.7984805890797546	0.22853004742243	-0.28581334721224627	-1.3619305461124376
-0.14331842396290898	-0.7616341826083476	-0.48089390637576207	-0.16106976557926567	-1.0633861361153152	-1.486238175576757	-1.5065815618338938	0.06806418746673983	-1.1709990182267984	-0.44457889532744327
0.14335285214505944	0.06510878043268688	-0.13405563620010083	0.2819168259902544	-0.018959480705111872	-0.21734506296731995	-0.4277755146746505	0.5275205225220202	-0.2016299482900852	0.046147331332876976
0.3733660750698192	0.37123351800116505	-0.30770652018769074	0.829581055173419	0.2115844507705362	0.07632107905838752	-0.4545949918595804	0.5103513076693716	-0.3492021800534523	0.5416031269731716
0.1454743675217232	0.6071722826342317	0.0951001207218964	0.42745685214794	0.7270010670705193	1.3721597325081807	1.2482379909229275	-1.1749812489823173	0.46194159723988776	0.9088444621679561
-0.14731143742497343	-0.2538778589423697	0.03034346586723302	-0.31227260316249517	-0.2489375597317304	-0.2969067990132433	-0.12164564858296016	-0.09051349372877586	-0.06778200614989248	-0.28355388289636396
-0.23366626759650422	-0.400968911097444	-0.07456609493624557	-0.3771244756847315	-0.4398189211083017	-0.33099931967477253	-0.09757660293770318	-0.7737380993938786	-0.3055017974826445	-0.17040634002995786
0.3756006090820914	0.685408345172888	-0.06507251870178729	0.8099507007150322	0.6857286027272792	0.8735027811253586	0.4315023324776208	0.09023824561268269	0.21330127590168504	0.7925819112259063
-0.291763480211253	-0.8094000325228282	-0.4108803865779939	-0.374221682816518	-1.0462551984534312	-1.1189763642755457	-0.946218019499565	-0.9310134216323936	-1.0631534939720046	-0.28805709501673454
0.006967046091605685	-0.2962629869925348	-0.09174498206233343	-0.1052366379912201	-0.3974994367435405	-0.9385459992707784	-0.9828566585334065	1.1880371124145443	-0.30946284930726176	-0.570398017086149
0.2818548096645809	0.3713630869091813	-0.3478380692738619	0.7974142884383104	0.22614153613353702	0.4945780157787948	0.05273578015086066	-0.6844851582298018	-0.4018050417852487	0.9001668741509884
0.11342835517392814	-0.11302309292845786	-0.5171528337894665	0.5051749222076664	-0.37263210454173606	-0.2839871123899756	-0.6016092300507413	-0.7871903504083563	-0.9147377616321452	0.5380621298062472
0.08265142056006271	0.43096885268341717	0.29740950332061467	0.06820804394244841	0.6109106378271058	0.8069931182326359	0.8259373209566454	0.10634757174736191	0.7034085084301291	0.1903178804923394
-0.3808429748333892	-0.5688850853528832	-0.0035579185418902776	-0.6705979133095957	-0.5687359735061158	-0.37973907962440695	0.04446386132611765	-1.1145367238190649	-0.26101450087703676	-0.3262512986558515
-0.7168268366219174	-1.0661401983416883	0.2865203262472027	-1.5388255545695309	-0.9524033381756841	-1.0193223420263693	-0.11426215562707635	-0.6384974416162503	-0.013418648908386253	-1.2593463561800968
0.07960157893656998	0.3065297658265662	0.009389927348506221	0.257390206632597	0.35020710387193776	0.7097550349790241	0.6261794061544258	-0.721936437432879	0.16976249337631133	0.5273150520914188
